fecha,T_era5land_C
1981-01-01,12.33
1981-02-01,12.791
1981-03-01,12.671
1981-04-01,12.591
1981-05-01,12.426
1981-06-01,12.419
1981-07-01,12.447
1981-08-01,12.742
1981-09-01,12.925
1981-10-01,12.935
1981-11-01,12.661
1981-12-01,12.867
1982-01-01,12.463
1982-02-01,12.532
1982-03-01,12.892
1982-04-01,12.688
1982-05-01,12.778
1982-06-01,12.87
1982-07-01,12.905
1982-08-01,13.57
1982-09-01,13.135
1982-10-01,12.393
1982-11-01,12.945
1982-12-01,13.225
1983-01-01,13.936
1983-02-01,13.922
1983-03-01,13.933
1983-04-01,13.391
1983-05-01,13.686
1983-06-01,13.125
1983-07-01,13.288
1983-08-01,13.799
1983-09-01,13.015
1983-10-01,12.637
1983-11-01,12.89
1983-12-01,12.358
1984-01-01,11.709
1984-02-01,12.132
1984-03-01,12.362
1984-04-01,12.283
1984-05-01,12.012
1984-06-01,12.256
1984-07-01,11.704
1984-08-01,12.641
1984-09-01,12.096
1984-10-01,12.457
1984-11-01,11.756
1984-12-01,12.478
1985-01-01,11.945
1985-02-01,12.364
1985-03-01,12.484
1985-04-01,12.052
1985-05-01,12.215
1985-06-01,12.309
1985-07-01,12.103
1985-08-01,12.548
1985-09-01,12.653
1985-10-01,12.291
1985-11-01,11.946
1985-12-01,12.304
1986-01-01,12.425
1986-02-01,11.897
1986-03-01,12.191
1986-04-01,12.888
1986-05-01,12.641
1986-06-01,12.735
1986-07-01,12.697
1986-08-01,13.065
1986-09-01,13.133
1986-10-01,12.738
1986-11-01,12.625
1986-12-01,12.759
1987-01-01,13.211
1987-02-01,13.925
1987-03-01,13.278
1987-04-01,13.55
1987-05-01,13.015
1987-06-01,13.729
1987-07-01,13.713
1987-08-01,13.45
1987-09-01,13.389
1987-10-01,13.324
1987-11-01,13.29
1987-12-01,13.581
1988-01-01,13.015
1988-02-01,13.315
1988-03-01,13.107
1988-04-01,12.813
1988-05-01,13.046
1988-06-01,12.598
1988-07-01,12.852
1988-08-01,13.322
1988-09-01,12.937
1988-10-01,12.538
1988-11-01,12.48
1988-12-01,11.889
1989-01-01,12.177
1989-02-01,12.144
1989-03-01,11.458
1989-04-01,12.461
1989-05-01,12.576
1989-06-01,12.61
1989-07-01,12.66
1989-08-01,13.2
1989-09-01,12.662
1989-10-01,12.686
1989-11-01,12.808
1989-12-01,12.778
1990-01-01,13.133
1990-02-01,12.782
1990-03-01,13.545
1990-04-01,13.048
1990-05-01,13.198
1990-06-01,12.992
1990-07-01,12.659
1990-08-01,13.404
1990-09-01,13.561
1990-10-01,12.884
1990-11-01,13.236
1990-12-01,12.926
1991-01-01,12.815
1991-02-01,13.603
1991-03-01,13.193
1991-04-01,13.014
1991-05-01,13.174
1991-06-01,13.333
1991-07-01,13.003
1991-08-01,13.475
1991-09-01,13.733
1991-10-01,12.834
1991-11-01,12.596
1991-12-01,12.869
1992-01-01,13.28
1992-02-01,13.221
1992-03-01,13.525
1992-04-01,13.532
1992-05-01,13.514
1992-06-01,13.017
1992-07-01,12.577
1992-08-01,13.17
1992-09-01,12.687
1992-10-01,12.898
1992-11-01,12.808
1992-12-01,12.833
1993-01-01,12.529
1993-02-01,12.449
1993-03-01,12.35
1993-04-01,12.843
1993-05-01,12.848
1993-06-01,13.332
1993-07-01,13.027
1993-08-01,13.441
1993-09-01,12.787
1993-10-01,13.006
1993-11-01,12.4
1993-12-01,12.923
1994-01-01,12.644
1994-02-01,12.581
1994-03-01,12.616
1994-04-01,12.681
1994-05-01,13.022
1994-06-01,12.685
1994-07-01,12.731
1994-08-01,13.517
1994-09-01,13.765
1994-10-01,12.661
1994-11-01,12.502
1994-12-01,13.107
1995-01-01,13.333
1995-02-01,13.099
1995-03-01,12.953
1995-04-01,13.371
1995-05-01,12.895
1995-06-01,13.007
1995-07-01,12.942
1995-08-01,13.681
1995-09-01,13.6
1995-10-01,13.365
1995-11-01,13.015
1995-12-01,12.692
1996-01-01,12.212
1996-02-01,12.812
1996-03-01,12.688
1996-04-01,12.774
1996-05-01,12.784
1996-06-01,12.797
1996-07-01,13.023
1996-08-01,13.349
1996-09-01,13.623
1996-10-01,12.804
1996-11-01,12.57
1996-12-01,13.241
1997-01-01,12.39
1997-02-01,13.218
1997-03-01,13.297
1997-04-01,12.91
1997-05-01,13.529
1997-06-01,12.479
1997-07-01,14.078
1997-08-01,14.079
1997-09-01,13.996
1997-10-01,13.691
1997-11-01,13.435
1997-12-01,14.344
1998-01-01,14.949
1998-02-01,14.756
1998-03-01,14.646
1998-04-01,14.721
1998-05-01,14.328
1998-06-01,13.938
1998-07-01,14.016
1998-08-01,14.408
1998-09-01,14.29
1998-10-01,13.887
1998-11-01,13.156
1998-12-01,13.067
1999-01-01,12.551
1999-02-01,12.378
1999-03-01,12.587
1999-04-01,13.275
1999-05-01,12.59
1999-06-01,12.43
1999-07-01,12.409
1999-08-01,13.261
1999-09-01,12.569
1999-10-01,12.798
1999-11-01,12.836
1999-12-01,12.392
2000-01-01,12.005
2000-02-01,11.941
2000-03-01,12.353
2000-04-01,12.799
2000-05-01,13.02
2000-06-01,12.705
2000-07-01,12.614
2000-08-01,13.549
2000-09-01,13.035
2000-10-01,13.125
2000-11-01,12.836
2000-12-01,12.77
2001-01-01,12.303
2001-02-01,12.946
2001-03-01,12.615
2001-04-01,13.397
2001-05-01,13.002
2001-06-01,12.655
2001-07-01,12.922
2001-08-01,13.801
2001-09-01,12.983
2001-10-01,13.553
2001-11-01,13.334
2001-12-01,13.7
2002-01-01,13.328
2002-02-01,13.151
2002-03-01,13.238
2002-04-01,13.03
2002-05-01,13.635
2002-06-01,13.115
2002-07-01,13.307
2002-08-01,13.928
2002-09-01,14.03
2002-10-01,13.503
2002-11-01,13.448
2002-12-01,13.597
2003-01-01,13.673
2003-02-01,13.793
2003-03-01,13.34
2003-04-01,13.376
2003-05-01,13.523
2003-06-01,12.887
2003-07-01,13.199
2003-08-01,13.997
2003-09-01,14.063
2003-10-01,13.768
2003-11-01,13.847
2003-12-01,13.605
2004-01-01,13.16
2004-02-01,13.198
2004-03-01,13.94
2004-04-01,13.126
2004-05-01,13.296
2004-06-01,13.117
2004-07-01,12.839
2004-08-01,13.606
2004-09-01,13.568
2004-10-01,13.164
2004-11-01,13.211
2004-12-01,13.318
2005-01-01,13.109
2005-02-01,13.692
2005-03-01,13.139
2005-04-01,13.859
2005-05-01,13.028
2005-06-01,13.646
2005-07-01,13.654
2005-08-01,13.855
2005-09-01,13.988
2005-10-01,13.09
2005-11-01,12.866
2005-12-01,13.022
2006-01-01,13.115
2006-02-01,13.294
2006-03-01,12.976
2006-04-01,12.843
2006-05-01,13.245
2006-06-01,12.962
2006-07-01,13.293
2006-08-01,13.759
2006-09-01,13.676
2006-10-01,13.408
2006-11-01,13.583
2006-12-01,13.553
2007-01-01,13.782
2007-02-01,13.413
2007-03-01,13.257
2007-04-01,13.13
2007-05-01,13.289
2007-06-01,13.047
2007-07-01,13.074
2007-08-01,13.345
2007-09-01,13.872
2007-10-01,13.302
2007-11-01,13.397
2007-12-01,12.682
2008-01-01,12.568
2008-02-01,12.343
2008-03-01,12.084
2008-04-01,12.533
2008-05-01,12.586
2008-06-01,12.728
2008-07-01,12.643
2008-08-01,13.009
2008-09-01,13.251
2008-10-01,13.055
2008-11-01,13.227
2008-12-01,12.796
2009-01-01,12.556
2009-02-01,12.898
2009-03-01,12.764
2009-04-01,13.264
2009-05-01,12.762
2009-06-01,12.956
2009-07-01,13.216
2009-08-01,13.777
2009-09-01,14.42
2009-10-01,13.695
2009-11-01,13.494
2009-12-01,13.577
2010-01-01,13.966
2010-02-01,14.546
2010-03-01,14.1
2010-04-01,14.073
2010-05-01,13.793
2010-06-01,13.418
2010-07-01,13.373
2010-08-01,13.687
2010-09-01,13.349
2010-10-01,13.519
2010-11-01,13.057
2010-12-01,12.774
2011-01-01,12.51
2011-02-01,12.479
2011-03-01,12.051
2011-04-01,12.761
2011-05-01,13.262
2011-06-01,13.414
2011-07-01,12.971
2011-08-01,13.757
2011-09-01,13.565
2011-10-01,13.093
2011-11-01,13.441
2011-12-01,12.893
2012-01-01,12.585
2012-02-01,12.373
2012-03-01,13.184
2012-04-01,12.839
2012-05-01,13.116
2012-06-01,12.908
2012-07-01,13.541
2012-08-01,13.806
2012-09-01,14.208
2012-10-01,13.246
2012-11-01,13.613
2012-12-01,13.233
2013-01-01,13.952
2013-02-01,13.033
2013-03-01,13.498
2013-04-01,13.552
2013-05-01,12.91
2013-06-01,13.172
2013-07-01,12.84
2013-08-01,13.413
2013-09-01,13.951
2013-10-01,13.276
2013-11-01,13.027
2013-12-01,13.205
2014-01-01,13.208
2014-02-01,12.925
2014-03-01,12.895
2014-04-01,13.591
2014-05-01,13.199
2014-06-01,13.887
2014-07-01,14.105
2014-08-01,13.826
2014-09-01,13.562
2014-10-01,13.522
2014-11-01,13.193
2014-12-01,13.426
2015-01-01,13.235
2015-02-01,13.423
2015-03-01,13.27
2015-04-01,13.58
2015-05-01,13.537
2015-06-01,13.775
2015-07-01,13.667
2015-08-01,14.585
2015-09-01,14.869
2015-10-01,14.123
2015-11-01,13.656
2015-12-01,14.516
2016-01-01,14.272
2016-02-01,14.579
2016-03-01,14.731
2016-04-01,14.407
2016-05-01,14.404
2016-06-01,13.575
2016-07-01,13.711
2016-08-01,14.387
2016-09-01,13.941
2016-10-01,13.527
2016-11-01,13.777
2016-12-01,13.068
2017-01-01,12.906
2017-02-01,13.009
2017-03-01,12.811
2017-04-01,13.502
2017-05-01,13.464
2017-06-01,13.476
2017-07-01,13.616
2017-08-01,13.842
2017-09-01,13.952
2017-10-01,13.747
2017-11-01,13.546
2017-12-01,13.178
2018-01-01,12.607
2018-02-01,12.957
2018-03-01,13.196
2018-04-01,12.962
2018-05-01,13.052
2018-06-01,13.096
2018-07-01,13.362
2018-08-01,13.836
2018-09-01,14.006
2018-10-01,13.522
2018-11-01,13.56
2018-12-01,13.505
2019-01-01,13.818
2019-02-01,13.699
2019-03-01,13.587
2019-04-01,13.615
2019-05-01,13.678
2019-06-01,13.84
2019-07-01,13.695
2019-08-01,14.145
2019-09-01,14.401
2019-10-01,13.436
2019-11-01,13.59
2019-12-01,13.534
2020-01-01,13.976
2020-02-01,14.064
2020-03-01,13.632
2020-04-01,13.695
2020-05-01,14.086
2020-06-01,13.67
2020-07-01,13.199
2020-08-01,13.796
2020-09-01,14.116
2020-10-01,14.074
2020-11-01,13.87
2020-12-01,12.875
2021-01-01,12.813
2021-02-01,13.39
2021-03-01,12.581
2021-04-01,13.424
2021-05-01,13.279
2021-06-01,13.116
2021-07-01,13.421
2021-08-01,13.759
2021-09-01,13.718
2021-10-01,13.599
2021-11-01,13.244
2021-12-01,13.318
2022-01-01,13.015
2022-02-01,12.627
2022-03-01,12.64
2022-04-01,13.19
2022-05-01,13.292
2022-06-01,12.52
2022-07-01,13.386
2022-08-01,13.413
2022-09-01,13.772
2022-10-01,13.483
2022-11-01,13.877
2022-12-01,13.038
2023-01-01,12.623
2023-02-01,13.161
2023-03-01,12.93
2023-04-01,13.033
2023-05-01,13.95
2023-06-01,13.498
2023-07-01,14.303
2023-08-01,14.491
2023-09-01,15.236
2023-10-01,14.138
2023-11-01,14.178
2023-12-01,14.351
2024-01-01,14.559
2024-02-01,14.53
2024-03-01,14.618
2024-04-01,14.084
2024-05-01,14.484
2024-06-01,13.829
2024-07-01,14.059
2024-08-01,14.552
2024-09-01,15.357
2024-10-01,14.382
2024-11-01,13.604
2024-12-01,13.547
2025-01-01,12.906
2025-02-01,13.004
2025-03-01,13.367
2025-04-01,13.549
2025-05-01,13.723
2025-06-01,13.528
2025-07-01,13.737
2025-08-01,14.426
2025-09-01,14.811
2025-10-01,13.516
2025-11-01,13.63
2025-12-01,13.348
