variable,tipo,orden,fecha,valor,P_I_mismo_mes,Q_mismo_mes,R_mismo_mes,T_mismo_mes,P_L_mismo_mes
P_L,máximo,1,1998-03,414.47,265.02,678.26,836.56,17.45,
P_L,máximo,2,1998-02,381.35,120.73,,,17.57,
P_L,máximo,3,2017-03,376.86,201.57,95.18,117.39,16.11,
P_L,mínimo,1,2012-07,0.18,3.19,9.2,11.34,16.18,
P_L,mínimo,2,2017-07,0.3,4.57,19.06,23.5,16.16,
P_L,mínimo,3,2025-07,0.3,4.08,7.59,9.36,,
P_I,máximo,1,1998-03,265.02,,678.26,836.56,17.45,414.47
P_I,máximo,2,1999-02,217.33,,114.34,127.38,15.25,369.43
P_I,máximo,3,2001-03,217.01,,143.53,177.02,15.46,349.94
P_I,mínimo,1,1998-07,1.97,,12.21,15.06,16.21,0.54
P_I,mínimo,2,2016-08,2.29,,2.27,2.8,16.94,0.8
P_I,mínimo,3,2023-06,2.4,,15.03,17.94,,5.64
Q,máximo,1,1998-03,678.26,265.02,,836.56,17.45,414.47
Q,máximo,2,2017-04,450.75,58.72,,538.01,16.36,119.91
Q,máximo,3,1998-04,221.11,77.5,,263.92,17.54,165.93
Q,mínimo,1,2004-09,0.39,16.87,,0.46,16.41,23.01
Q,mínimo,2,2016-12,0.45,45.02,,0.56,16.56,68.27
Q,mínimo,3,2005-12,0.54,50.07,,0.66,15.64,79.38
R,máximo,1,1998-03,836.56,265.02,678.26,,17.45,414.47
R,máximo,2,2017-04,538.01,58.72,450.75,,16.36,119.91
R,máximo,3,1998-04,263.92,77.5,221.11,,17.54,165.93
R,mínimo,1,2004-09,0.46,16.87,0.39,,16.41,23.01
R,mínimo,2,2016-12,0.56,45.02,0.45,,16.56,68.27
R,mínimo,3,2005-12,0.66,50.07,0.54,,15.64,79.38
T,máximo,1,2016-01,17.75,75.22,4.49,5.54,,69.54
T,máximo,2,2015-12,17.66,33.71,4.18,5.16,,82.12
T,máximo,3,2015-09,17.66,12.4,,,,8.35
T,mínimo,1,2001-01,15.05,140.74,37.14,45.8,,175.26
T,mínimo,2,2000-01,15.1,53.18,8.29,10.22,,58.42
T,mínimo,3,2000-02,15.11,144.27,47.46,54.76,,192.78
