fecha,P_I_tasa_mm_h,n_dias,P_I_mm_mes
1998-01-01,0.1803,31,134.125
1998-02-01,0.1797,28,120.7346
1998-03-01,0.3562,31,265.0197
1998-04-01,0.1076,30,77.497
1998-05-01,0.026,31,19.3414
1998-06-01,0.0102,30,7.3554
1998-07-01,0.0026,31,1.9664
1998-08-01,0.0085,31,6.3324
1998-09-01,0.0216,30,15.5581
1998-10-01,0.1015,31,75.503
1998-11-01,0.0338,30,24.3122
1998-12-01,0.05,31,37.2109
1999-01-01,0.1144,31,85.1149
1999-02-01,0.3234,28,217.3262
1999-03-01,0.114,31,84.846
1999-04-01,0.0709,30,51.0695
1999-05-01,0.0674,31,50.1683
1999-06-01,0.0319,30,22.9452
1999-07-01,0.025,31,18.5639
1999-08-01,0.0057,31,4.2627
1999-09-01,0.068,30,48.9919
1999-10-01,0.033,31,24.5826
1999-11-01,0.0743,30,53.5243
1999-12-01,0.0725,31,53.9146
2000-01-01,0.0715,31,53.1757
2000-02-01,0.2073,29,144.2657
2000-03-01,0.1798,31,133.7731
2000-04-01,0.1167,30,84.0211
2000-05-01,0.0406,31,30.2276
2000-06-01,0.0212,30,15.2451
2000-07-01,0.0098,31,7.2997
2000-08-01,0.0149,31,11.0508
2000-09-01,0.0643,30,46.2765
2000-10-01,0.0167,31,12.4094
2000-11-01,0.0333,30,24.0086
2000-12-01,0.1217,31,90.5665
2001-01-01,0.1892,31,140.739
2001-02-01,0.1178,28,79.1361
2001-03-01,0.2917,31,217.0121
2001-04-01,0.0687,30,49.4351
2001-05-01,0.0322,31,23.9735
2001-06-01,0.0068,30,4.8826
2001-07-01,0.0077,31,5.7204
2001-08-01,0.0045,31,3.3509
2001-09-01,0.0296,30,21.3062
2001-10-01,0.0528,31,39.3021
2001-11-01,0.0563,30,40.518
2001-12-01,0.0735,31,54.6814
2002-01-01,0.0434,31,32.322
2002-02-01,0.0783,28,52.6111
2002-03-01,0.1799,31,133.8785
2002-04-01,0.0943,30,67.8605
2002-05-01,0.017,31,12.6641
2002-06-01,0.0161,30,11.565
2002-07-01,0.0173,31,12.8539
2002-08-01,0.0053,31,3.9267
2002-09-01,0.0159,30,11.4234
2002-10-01,0.0717,31,53.351
2002-11-01,0.1147,30,82.6087
2002-12-01,0.0895,31,66.5517
2003-01-01,0.0546,31,40.5907
2003-02-01,0.0989,28,66.4837
2003-03-01,0.1336,31,99.3815
2003-04-01,0.0528,30,37.991
2003-05-01,0.0256,31,19.0816
2003-06-01,0.0271,30,19.5131
2003-07-01,0.0035,31,2.5706
2003-08-01,0.0204,31,15.2088
2003-09-01,0.0152,30,10.9317
2003-10-01,0.0303,31,22.5497
2003-11-01,0.0567,30,40.826
2003-12-01,0.0674,31,50.1285
2004-01-01,0.0476,31,35.3855
2004-02-01,0.0996,29,69.3512
2004-03-01,0.0997,31,74.1495
2004-04-01,0.0498,30,35.8413
2004-05-01,0.035,31,26.0271
2004-06-01,0.0082,30,5.8735
2004-07-01,0.0126,31,9.3431
2004-08-01,0.0163,31,12.145
2004-09-01,0.0234,30,16.8702
2004-10-01,0.0779,31,57.9591
2004-11-01,0.0813,30,58.5424
2004-12-01,0.0775,31,57.6475
2005-01-01,0.0971,31,72.2476
2005-02-01,0.0833,28,55.9527
2005-03-01,0.2032,31,151.1713
2005-04-01,0.0624,30,44.9162
2005-05-01,0.0098,31,7.2915
2005-06-01,0.0092,30,6.6599
2005-07-01,0.0074,31,5.5204
2005-08-01,0.0053,31,3.9429
2005-09-01,0.0235,30,16.9117
2005-10-01,0.0699,31,52.034
2005-11-01,0.021,30,15.1032
2005-12-01,0.0673,31,50.0674
2006-01-01,0.0845,31,62.8649
2006-02-01,0.1325,28,89.0532
2006-03-01,0.2255,31,167.7743
2006-04-01,0.0855,30,61.5364
2006-05-01,0.0236,31,17.5956
2006-06-01,0.0239,30,17.1979
2006-07-01,0.0075,31,5.545
2006-08-01,0.0099,31,7.3886
2006-09-01,0.0304,30,21.8734
2006-10-01,0.0223,31,16.6265
2006-11-01,0.0699,30,50.33
2006-12-01,0.0736,31,54.7584
2007-01-01,0.0678,31,50.4109
2007-02-01,0.0421,28,28.2897
2007-03-01,0.2539,31,188.8697
2007-04-01,0.1267,30,91.1996
2007-05-01,0.0182,31,13.5482
2007-06-01,0.0124,30,8.9012
2007-07-01,0.0131,31,9.7722
2007-08-01,0.0077,31,5.7635
2007-09-01,0.014,30,10.0746
2007-10-01,0.0721,31,53.6438
2007-11-01,0.1128,30,81.1876
2007-12-01,0.0339,31,25.2475
2008-01-01,0.1436,31,106.8314
2008-02-01,0.1562,29,108.7175
2008-03-01,0.1923,31,143.0574
2008-04-01,0.077,30,55.4473
2008-05-01,0.0202,31,15.0212
2008-06-01,0.0225,30,16.2149
2008-07-01,0.0051,31,3.8045
2008-08-01,0.0123,31,9.1472
2008-09-01,0.04,30,28.8341
2008-10-01,0.0868,31,64.584
2008-11-01,0.0532,30,38.3256
2008-12-01,0.018,31,13.3979
2009-01-01,0.2302,31,171.2638
2009-02-01,0.0859,28,57.7032
2009-03-01,0.1898,31,141.2034
2009-04-01,0.0911,30,65.598
2009-05-01,0.0172,31,12.8039
2009-06-01,0.0125,30,9.0078
2009-07-01,0.0065,31,4.8614
2009-08-01,0.0067,31,4.9966
2009-09-01,0.0129,30,9.3234
2009-10-01,0.0647,31,48.1349
2009-11-01,0.0624,30,44.9268
2009-12-01,0.042,31,31.2179
2010-01-01,0.0495,31,36.8599
2010-02-01,0.0978,28,65.7316
2010-03-01,0.1379,31,102.633
2010-04-01,0.0699,30,50.3622
2010-05-01,0.0478,31,35.5748
2010-06-01,0.0157,30,11.3257
2010-07-01,0.0071,31,5.2596
2010-08-01,0.0072,31,5.3377
2010-09-01,0.0192,30,13.8527
2010-10-01,0.0263,31,19.5911
2010-11-01,0.0356,30,25.5979
2010-12-01,0.0524,31,38.9768
2011-01-01,0.0473,31,35.2146
2011-02-01,0.0565,28,37.9402
2011-03-01,0.1479,31,110.0557
2011-04-01,0.1369,30,98.5901
2011-05-01,0.008,31,5.973
2011-06-01,0.0071,30,5.1273
2011-07-01,0.0077,31,5.7416
2011-08-01,0.0033,31,2.4229
2011-09-01,0.0176,30,12.6886
2011-10-01,0.0487,31,36.2094
2011-11-01,0.0387,30,27.8451
2011-12-01,0.0553,31,41.142
2012-01-01,0.1141,31,84.8709
2012-02-01,0.2314,29,161.028
2012-03-01,0.1493,31,111.0639
2012-04-01,0.0911,30,65.5658
2012-05-01,0.0349,31,25.9556
2012-06-01,0.0138,30,9.9445
2012-07-01,0.0043,31,3.1933
2012-08-01,0.0045,31,3.3301
2012-09-01,0.016,30,11.4871
2012-10-01,0.0826,31,61.4455
2012-11-01,0.0622,30,44.7906
2012-12-01,0.0334,31,24.8502
2013-01-01,0.047,31,34.9682
2013-02-01,0.1023,28,68.7654
2013-03-01,0.2008,31,149.3887
2013-04-01,0.0408,30,29.3708
2013-05-01,0.0436,31,32.4207
2013-06-01,0.0388,30,27.9177
2013-07-01,0.0135,31,10.0488
2013-08-01,0.0163,31,12.1461
2013-09-01,0.0071,30,5.1424
2013-10-01,0.0969,31,72.1168
2013-11-01,0.0273,30,19.6697
2013-12-01,0.0524,31,38.9972
2014-01-01,0.0558,31,41.4836
2014-02-01,0.1806,28,121.3665
2014-03-01,0.172,31,127.9935
2014-04-01,0.0849,30,61.0946
2014-05-01,0.0344,31,25.6307
2014-06-01,0.009,30,6.4503
2014-07-01,0.0057,31,4.2582
2014-08-01,0.0042,31,3.1368
2014-09-01,0.0817,30,58.8127
2014-10-01,0.0348,31,25.9171
2014-11-01,0.0469,30,33.774
2014-12-01,0.0748,31,55.6349
2015-01-01,0.2097,31,155.9861
2015-02-01,0.0841,28,56.5272
2015-03-01,0.1845,31,137.2598
2015-04-01,0.0819,30,58.9804
2015-05-01,0.0672,31,50.0277
2015-06-01,0.0076,30,5.4418
2015-07-01,0.0076,31,5.6768
2015-08-01,0.0041,31,3.0203
2015-09-01,0.0172,30,12.4012
2015-10-01,0.0199,31,14.8422
2015-11-01,0.0913,30,65.739
2015-12-01,0.0453,31,33.7071
2016-01-01,0.1011,31,75.2201
2016-02-01,0.1069,29,74.4137
2016-03-01,0.1569,31,116.7107
2016-04-01,0.0649,30,46.7309
2016-05-01,0.0123,31,9.1876
2016-06-01,0.0152,30,10.9239
2016-07-01,0.0041,31,3.0824
2016-08-01,0.0031,31,2.2942
2016-09-01,0.0189,30,13.6328
2016-10-01,0.0493,31,36.6701
2016-11-01,0.0189,30,13.5865
2016-12-01,0.0605,31,45.0229
2017-01-01,0.1131,31,84.1122
2017-02-01,0.0974,28,65.4582
2017-03-01,0.2709,31,201.5713
2017-04-01,0.0816,30,58.7213
2017-05-01,0.0692,31,51.4799
2017-06-01,0.0125,30,9.0148
2017-07-01,0.0061,31,4.5705
2017-08-01,0.0203,31,15.1062
2017-09-01,0.0165,30,11.8993
2017-10-01,0.0901,31,67.047
2017-11-01,0.038,30,27.3862
2017-12-01,0.0904,31,67.2605
2018-01-01,0.1093,31,81.3108
2018-02-01,0.1531,28,102.8758
2018-03-01,0.2262,31,168.2605
2018-04-01,0.1035,30,74.5259
2018-05-01,0.0693,31,51.5656
2018-06-01,0.0288,30,20.7498
2018-07-01,0.0085,31,6.2956
2018-08-01,0.0045,31,3.3806
2018-09-01,0.0143,30,10.3055
2018-10-01,0.0355,31,26.3804
2018-11-01,0.0751,30,54.0644
2018-12-01,0.0637,31,47.4181
2019-01-01,0.0526,31,39.1234
2019-02-01,0.1315,28,88.3712
2019-03-01,0.2006,31,149.2772
2019-04-01,0.0471,30,33.8845
2019-05-01,0.027,31,20.0739
2019-06-01,0.0114,30,8.1776
2019-07-01,0.0179,31,13.2842
2019-08-01,0.0037,31,2.7572
2019-09-01,0.0155,30,11.1354
2019-10-01,0.0732,31,54.4576
2019-11-01,0.0399,30,28.7569
2019-12-01,0.1007,31,74.9194
2020-01-01,0.0347,31,25.8175
2020-02-01,0.0484,29,33.6734
2020-03-01,0.0931,31,69.2697
2020-04-01,0.0747,30,53.7642
2020-05-01,0.0143,31,10.6506
2020-06-01,0.008,30,5.7894
2020-07-01,0.0704,31,52.4048
2020-08-01,0.0036,31,2.6776
2020-09-01,0.0088,30,6.3024
2020-10-01,0.0269,31,20.0154
2020-11-01,0.0372,30,26.7743
2020-12-01,0.0848,31,63.1109
2021-01-01,0.0693,31,51.5736
2021-02-01,0.039,28,26.238
2021-03-01,0.1408,31,104.7623
2021-04-01,0.0579,30,41.6733
2021-05-01,0.0193,31,14.3525
2021-06-01,0.0159,30,11.4282
2021-07-01,0.0091,31,6.7533
2021-08-01,0.0111,31,8.2865
2021-09-01,0.0188,30,13.538
2021-10-01,0.0733,31,54.5646
2021-11-01,0.0465,30,33.5013
2021-12-01,0.0566,31,42.1307
2022-01-01,0.0595,31,44.2678
2022-02-01,0.1426,28,95.8472
2022-03-01,0.1602,31,119.2027
2022-04-01,0.0776,30,55.9007
2022-05-01,0.0425,31,31.6081
2022-06-01,0.0287,30,20.683
2022-07-01,0.0089,31,6.5896
2022-08-01,0.0113,31,8.3718
2022-09-01,0.0358,30,25.7694
2022-10-01,0.022,31,16.386
2022-11-01,0.011,30,7.945
2022-12-01,0.0267,31,19.8837
2023-01-01,0.1305,31,97.1155
2023-02-01,0.0863,28,58.0258
2023-03-01,0.1646,31,122.4294
2023-04-01,0.0553,30,39.7945
2023-05-01,0.018,31,13.4216
2023-06-01,0.0033,30,2.3988
2023-07-01,0.0038,31,2.8147
2023-08-01,0.0057,31,4.2714
2023-09-01,0.0063,30,4.558
2023-10-01,0.0208,31,15.482
2023-11-01,0.0484,30,34.8796
2023-12-01,0.0992,31,73.8166
2024-01-01,0.0772,31,57.4047
2024-02-01,0.0752,29,52.315
2024-03-01,0.0861,31,64.0438
2024-04-01,0.0606,30,43.612
2024-05-01,0.0265,31,19.6997
2024-06-01,0.0065,30,4.6868
2024-07-01,0.0102,31,7.5669
2024-08-01,0.0048,31,3.5491
2024-09-01,0.0189,30,13.6283
2024-10-01,0.0351,31,26.1197
2024-11-01,0.0355,30,25.5516
2024-12-01,0.0861,31,64.0411
2025-01-01,0.1014,31,75.424
2025-02-01,0.2264,28,152.119
2025-03-01,0.174,31,129.4632
2025-04-01,0.1219,30,87.7833
2025-05-01,0.0334,31,24.8554
2025-06-01,0.0169,30,12.1816
2025-07-01,0.0055,31,4.0845
2025-08-01,0.0105,31,7.8459
