fecha,dias_validos,n_dias,P_piscop_v3_mm_mes
1981-01-01,31,31,58.07
1981-02-01,28,28,184.49
1981-03-01,31,31,130.98
1981-04-01,30,30,23.43
1981-05-01,31,31,16.19
1981-06-01,30,30,5.14
1981-07-01,31,31,0.45
1981-08-01,31,31,4.22
1981-09-01,30,30,5.05
1981-10-01,31,31,53.73
1981-11-01,30,30,41.0
1981-12-01,31,31,73.08
1982-01-01,31,31,47.91
1982-02-01,28,28,169.66
1982-03-01,31,31,62.36
1982-04-01,30,30,73.64
1982-05-01,31,31,10.49
1982-06-01,30,30,2.07
1982-07-01,31,31,0.63
1982-08-01,31,31,1.03
1982-09-01,30,30,10.02
1982-10-01,31,31,55.37
1982-11-01,30,30,39.2
1982-12-01,31,31,78.54
1983-01-01,31,31,99.89
1983-02-01,28,28,58.6
1983-03-01,31,31,266.59
1983-04-01,30,30,206.08
1983-05-01,31,31,41.45
1983-06-01,30,30,11.91
1983-07-01,31,31,0.59
1983-08-01,31,31,0.9
1983-09-01,30,30,4.84
1983-10-01,31,31,27.05
1983-11-01,30,30,18.94
1983-12-01,31,31,94.24
1984-01-01,31,31,36.44
1984-02-01,29,29,312.7
1984-03-01,31,31,167.23
1984-04-01,30,30,78.36
1984-05-01,31,31,48.32
1984-06-01,30,30,16.56
1984-07-01,31,31,2.56
1984-08-01,31,31,1.94
1984-09-01,30,30,11.68
1984-10-01,31,31,36.53
1984-11-01,30,30,31.3
1984-12-01,31,31,44.36
1985-01-01,31,31,19.98
1985-02-01,28,28,63.24
1985-03-01,31,31,60.73
1985-04-01,30,30,36.1
1985-05-01,31,31,7.65
1985-06-01,30,30,1.57
1985-07-01,31,31,0.9
1985-08-01,31,31,8.8
1985-09-01,30,30,15.08
1985-10-01,31,31,7.93
1985-11-01,30,30,3.25
1985-12-01,31,31,50.66
1986-01-01,31,31,128.38
1986-02-01,28,28,101.78
1986-03-01,31,31,115.4
1986-04-01,30,30,164.83
1986-05-01,31,31,14.24
1986-06-01,30,30,2.94
1986-07-01,31,31,2.64
1986-08-01,31,31,6.31
1986-09-01,30,30,3.88
1986-10-01,31,31,19.77
1986-11-01,30,30,35.42
1986-12-01,31,31,94.32
1987-01-01,31,31,137.31
1987-02-01,28,28,112.55
1987-03-01,31,31,57.34
1987-04-01,30,30,89.25
1987-05-01,31,31,11.38
1987-06-01,30,30,1.56
1987-07-01,31,31,6.12
1987-08-01,31,31,3.45
1987-09-01,30,30,11.27
1987-10-01,31,31,17.33
1987-11-01,30,30,32.2
1987-12-01,31,31,36.49
1988-01-01,31,31,133.79
1988-02-01,29,29,112.39
1988-03-01,31,31,77.61
1988-04-01,30,30,120.24
1988-05-01,31,31,11.6
1988-06-01,30,30,6.05
1988-07-01,31,31,0.38
1988-08-01,31,31,1.13
1988-09-01,30,30,8.83
1988-10-01,31,31,34.21
1988-11-01,30,30,30.46
1988-12-01,31,31,51.59
1989-01-01,31,31,86.31
1989-02-01,28,28,196.49
1989-03-01,31,31,162.11
1989-04-01,30,30,109.41
1989-05-01,31,31,14.96
1989-06-01,30,30,12.82
1989-07-01,31,31,1.22
1989-08-01,31,31,2.77
1989-09-01,30,30,31.44
1989-10-01,31,31,44.27
1989-11-01,30,30,11.33
1989-12-01,31,31,1.89
1990-01-01,31,31,35.77
1990-02-01,28,28,45.82
1990-03-01,31,31,56.84
1990-04-01,30,30,55.78
1990-05-01,31,31,16.67
1990-06-01,30,30,9.71
1990-07-01,31,31,1.87
1990-08-01,31,31,0.82
1990-09-01,30,30,13.1
1990-10-01,31,31,52.89
1990-11-01,30,30,53.14
1990-12-01,31,31,37.44
1991-01-01,31,31,20.83
1991-02-01,28,28,53.54
1991-03-01,31,31,131.04
1991-04-01,30,30,82.32
1991-05-01,31,31,18.34
1991-06-01,30,30,6.33
1991-07-01,31,31,1.61
1991-08-01,31,31,0.68
1991-09-01,30,30,9.61
1991-10-01,31,31,36.42
1991-11-01,30,30,28.92
1991-12-01,31,31,37.07
1992-01-01,31,31,25.19
1992-02-01,29,29,38.23
1992-03-01,31,31,70.13
1992-04-01,30,30,74.41
1992-05-01,31,31,16.58
1992-06-01,30,30,15.13
1992-07-01,31,31,2.65
1992-08-01,31,31,1.59
1992-09-01,30,30,16.82
1992-10-01,31,31,19.29
1992-11-01,30,30,3.88
1992-12-01,31,31,12.1
1993-01-01,31,31,24.29
1993-02-01,28,28,181.1
1993-03-01,31,31,270.69
1993-04-01,30,30,151.19
1993-05-01,31,31,29.54
1993-06-01,30,30,2.68
1993-07-01,31,31,1.58
1993-08-01,31,31,1.74
1993-09-01,30,30,39.29
1993-10-01,31,31,48.25
1993-11-01,30,30,48.75
1993-12-01,31,31,100.1
1994-01-01,31,31,100.13
1994-02-01,28,28,154.24
1994-03-01,31,31,168.95
1994-04-01,30,30,119.16
1994-05-01,31,31,30.92
1994-06-01,30,30,4.21
1994-07-01,31,31,1.32
1994-08-01,31,31,0.81
1994-09-01,30,30,12.86
1994-10-01,31,31,29.14
1994-11-01,30,30,37.43
1994-12-01,31,31,79.56
1995-01-01,31,31,47.86
1995-02-01,28,28,122.08
1995-03-01,31,31,102.2
1995-04-01,30,30,60.0
1995-05-01,31,31,24.01
1995-06-01,30,30,4.85
1995-07-01,31,31,4.09
1995-08-01,31,31,0.82
1995-09-01,30,30,10.2
1995-10-01,31,31,37.68
1995-11-01,30,30,35.15
1995-12-01,31,31,107.82
1996-01-01,31,31,80.2
1996-02-01,29,29,167.28
1996-03-01,31,31,191.37
1996-04-01,30,30,83.41
1996-05-01,31,31,10.74
1996-06-01,30,30,4.21
1996-07-01,31,31,0.52
1996-08-01,31,31,3.78
1996-09-01,30,30,8.89
1996-10-01,31,31,49.0
1996-11-01,30,30,12.23
1996-12-01,31,31,19.74
1997-01-01,31,31,45.3
1997-02-01,28,28,147.21
1997-03-01,31,31,50.06
1997-04-01,30,30,96.68
1997-05-01,31,31,10.63
1997-06-01,30,30,7.04
1997-07-01,31,31,0.73
1997-08-01,31,31,1.29
1997-09-01,30,30,20.9
1997-10-01,31,31,39.1
1997-11-01,30,30,61.74
1997-12-01,31,31,236.29
1998-01-01,31,31,197.58
1998-02-01,28,28,247.74
1998-03-01,31,31,313.16
1998-04-01,30,30,150.35
1998-05-01,31,31,20.26
1998-06-01,30,30,3.61
1998-07-01,31,31,0.66
1998-08-01,31,31,2.75
1998-09-01,30,30,11.1
1998-10-01,31,31,38.67
1998-11-01,30,30,11.2
1998-12-01,31,31,51.33
1999-01-01,31,31,100.83
1999-02-01,28,28,337.37
1999-03-01,31,31,100.73
1999-04-01,30,30,81.1
1999-05-01,31,31,44.04
1999-06-01,30,30,15.68
1999-07-01,31,31,4.86
1999-08-01,31,31,1.04
1999-09-01,30,30,52.29
1999-10-01,31,31,18.61
1999-11-01,30,30,33.43
1999-12-01,31,31,87.11
2000-01-01,31,31,59.49
2000-02-01,29,29,186.64
2000-03-01,31,31,172.43
2000-04-01,30,30,134.35
2000-05-01,31,31,45.75
2000-06-01,30,30,9.42
2000-07-01,31,31,1.22
2000-08-01,31,31,6.61
2000-09-01,30,30,34.59
2000-10-01,31,31,12.86
2000-11-01,30,30,31.57
2000-12-01,31,31,119.51
2001-01-01,31,31,172.74
2001-02-01,28,28,93.69
2001-03-01,31,31,304.56
2001-04-01,30,30,73.19
2001-05-01,31,31,22.43
2001-06-01,30,30,3.48
2001-07-01,31,31,1.6
2001-08-01,31,31,0.69
2001-09-01,30,30,23.69
2001-10-01,31,31,28.0
2001-11-01,30,30,62.35
2001-12-01,31,31,50.47
2002-01-01,31,31,28.56
2002-02-01,28,28,135.66
2002-03-01,31,31,222.49
2002-04-01,30,30,128.17
2002-05-01,31,31,7.43
2002-06-01,30,30,9.36
2002-07-01,31,31,3.69
2002-08-01,31,31,0.61
2002-09-01,30,30,6.93
2002-10-01,31,31,58.8
2002-11-01,30,30,80.64
2002-12-01,31,31,80.56
2003-01-01,31,31,60.36
2003-02-01,28,28,87.53
2003-03-01,31,31,95.28
2003-04-01,30,30,48.4
2003-05-01,31,31,18.3
2003-06-01,30,30,14.7
2003-07-01,31,31,2.01
2003-08-01,31,31,1.41
2003-09-01,30,30,8.05
2003-10-01,31,31,18.25
2003-11-01,30,30,31.2
2003-12-01,31,31,98.39
2004-01-01,31,31,27.07
2004-02-01,29,29,108.6
2004-03-01,31,31,92.53
2004-04-01,30,30,55.92
2004-05-01,31,31,27.36
2004-06-01,30,30,2.01
2004-07-01,31,31,5.23
2004-08-01,31,31,1.23
2004-09-01,30,30,18.66
2004-10-01,31,31,53.48
2004-11-01,30,30,40.67
2004-12-01,31,31,85.67
2005-01-01,31,31,61.64
2005-02-01,28,28,70.24
2005-03-01,31,31,156.56
2005-04-01,30,30,45.18
2005-05-01,31,31,2.92
2005-06-01,30,30,1.52
2005-07-01,31,31,0.47
2005-08-01,31,31,2.02
2005-09-01,30,30,5.01
2005-10-01,31,31,35.59
2005-11-01,30,30,9.39
2005-12-01,31,31,80.71
2006-01-01,31,31,84.54
2006-02-01,28,28,162.77
2006-03-01,31,31,265.04
2006-04-01,30,30,93.59
2006-05-01,31,31,8.68
2006-06-01,30,30,21.61
2006-07-01,31,31,2.47
2006-08-01,31,31,3.5
2006-09-01,30,30,15.0
2006-10-01,31,31,10.24
2006-11-01,30,30,62.46
2006-12-01,31,31,113.77
2007-01-01,31,31,116.02
2007-02-01,28,28,44.65
2007-03-01,31,31,225.09
2007-04-01,30,30,130.36
2007-05-01,31,31,25.77
2007-06-01,30,30,1.08
2007-07-01,31,31,2.16
2007-08-01,31,31,3.51
2007-09-01,30,30,5.05
2007-10-01,31,31,57.43
2007-11-01,30,30,42.96
2007-12-01,31,31,51.9
2008-01-01,31,31,115.0
2008-02-01,29,29,201.84
2008-03-01,31,31,152.49
2008-04-01,30,30,109.33
2008-05-01,31,31,9.73
2008-06-01,30,30,12.41
2008-07-01,31,31,1.56
2008-08-01,31,31,2.77
2008-09-01,30,30,12.92
2008-10-01,31,31,53.18
2008-11-01,30,30,52.85
2008-12-01,31,31,19.03
2009-01-01,31,31,170.95
2009-02-01,28,28,151.59
2009-03-01,31,31,204.9
2009-04-01,30,30,110.23
2009-05-01,31,31,21.5
2009-06-01,30,30,5.86
2009-07-01,31,31,6.29
2009-08-01,31,31,1.83
2009-09-01,30,30,3.54
2009-10-01,31,31,67.24
2009-11-01,30,30,77.74
2009-12-01,31,31,82.64
2010-01-01,31,31,47.52
2010-02-01,28,28,154.61
2010-03-01,31,31,129.88
2010-04-01,30,30,89.73
2010-05-01,31,31,24.96
2010-06-01,30,30,7.5
2010-07-01,31,31,2.98
2010-08-01,31,31,1.45
2010-09-01,30,30,20.22
2010-10-01,31,31,17.62
2010-11-01,30,30,45.77
2010-12-01,31,31,63.72
2011-01-01,31,31,73.51
2011-02-01,28,28,58.33
2011-03-01,31,31,131.33
2011-04-01,30,30,178.96
2011-05-01,31,31,5.9
2011-06-01,30,30,1.97
2011-07-01,31,31,4.83
2011-08-01,31,31,0.64
2011-09-01,30,30,15.51
2011-10-01,31,31,11.02
2011-11-01,30,30,33.64
2011-12-01,31,31,99.05
2012-01-01,31,31,118.8
2012-02-01,29,29,165.78
2012-03-01,31,31,149.51
2012-04-01,30,30,139.45
2012-05-01,31,31,33.67
2012-06-01,30,30,4.39
2012-07-01,31,31,0.38
2012-08-01,31,31,2.57
2012-09-01,30,30,4.53
2012-10-01,31,31,51.28
2012-11-01,30,30,56.08
2012-12-01,31,31,55.23
2013-01-01,31,31,53.87
2013-02-01,28,28,138.43
2013-03-01,31,31,245.24
2013-04-01,30,30,61.54
2013-05-01,31,31,38.69
2013-06-01,30,30,4.35
2013-07-01,31,31,2.35
2013-08-01,31,31,3.76
2013-09-01,30,30,3.04
2013-10-01,31,31,61.3
2013-11-01,30,30,3.12
2013-12-01,31,31,69.53
2014-01-01,31,31,67.07
2014-02-01,28,28,84.69
2014-03-01,31,31,137.09
2014-04-01,30,30,62.45
2014-05-01,31,31,38.44
2014-06-01,30,30,2.07
2014-07-01,31,31,1.61
2014-08-01,31,31,1.28
2014-09-01,30,30,29.71
2014-10-01,31,31,24.93
2014-11-01,30,30,42.18
2014-12-01,31,31,110.94
2015-01-01,31,31,107.35
2015-02-01,28,28,81.62
2015-03-01,31,31,218.59
2015-04-01,30,30,65.08
2015-05-01,31,31,43.02
2015-06-01,30,30,1.21
2015-07-01,31,31,2.99
2015-08-01,31,31,0.59
2015-09-01,30,30,5.71
2015-10-01,31,31,25.88
2015-11-01,30,30,56.12
2015-12-01,31,31,60.11
2016-01-01,31,31,54.64
2016-02-01,29,29,148.62
2016-03-01,31,31,102.57
2016-04-01,30,30,79.63
2016-05-01,31,31,5.91
2016-06-01,30,30,8.23
2016-07-01,31,31,0.8
2016-08-01,31,31,0.6
2016-09-01,30,30,7.95
2016-10-01,31,31,20.55
2016-11-01,30,30,6.99
2016-12-01,31,31,65.77
2017-01-01,31,31,118.91
2017-02-01,28,28,129.9
2017-03-01,31,31,345.22
2017-04-01,30,30,109.62
2017-05-01,31,31,46.86
2017-06-01,30,30,6.46
2017-07-01,31,31,0.4
2017-08-01,31,31,4.35
2017-09-01,30,30,13.11
2017-10-01,31,31,26.63
2017-11-01,30,30,16.24
2017-12-01,31,31,68.03
2018-01-01,31,31,91.83
2018-02-01,28,28,126.7
2018-03-01,31,31,126.86
2018-04-01,30,30,111.0
2018-05-01,31,31,52.35
2018-06-01,30,30,2.04
2018-07-01,31,31,0.14
2018-08-01,31,31,0.8
2018-09-01,30,30,17.05
2018-10-01,31,31,26.69
2018-11-01,30,30,39.64
2018-12-01,31,31,93.46
2019-01-01,31,31,60.09
2019-02-01,28,28,213.67
2019-03-01,31,31,170.53
2019-04-01,30,30,78.81
2019-05-01,31,31,19.33
2019-06-01,30,30,2.05
2019-07-01,31,31,5.63
2019-08-01,31,31,0.31
2019-09-01,30,30,17.63
2019-10-01,31,31,49.47
2019-11-01,30,30,34.61
2019-12-01,31,31,131.3
2020-01-01,31,31,35.48
2020-02-01,29,29,51.37
2020-03-01,31,31,110.55
2020-04-01,30,30,57.39
2020-05-01,31,31,14.58
2020-06-01,30,30,6.39
2020-07-01,31,31,8.12
2020-08-01,31,31,1.62
2020-09-01,30,30,7.03
2020-10-01,31,31,16.98
2020-11-01,30,30,27.73
2020-12-01,31,31,181.74
2021-01-01,31,31,102.12
2021-02-01,28,28,51.04
2021-03-01,31,31,200.97
2021-04-01,30,30,104.21
2021-05-01,31,31,30.12
2021-06-01,30,30,18.14
2021-07-01,31,31,2.1
2021-08-01,31,31,10.07
2021-09-01,30,30,12.98
2021-10-01,31,31,85.77
2021-11-01,30,30,52.56
2021-12-01,31,31,77.17
2022-01-01,31,31,62.3
2022-02-01,28,28,143.79
2022-03-01,31,31,157.69
2022-04-01,30,30,96.16
2022-05-01,31,31,20.34
2022-06-01,30,30,12.62
2022-07-01,31,31,5.04
2022-08-01,31,31,3.92
2022-09-01,30,30,31.06
2022-10-01,31,31,11.46
2022-11-01,30,30,3.66
2022-12-01,31,31,80.17
2023-01-01,31,31,107.99
2023-02-01,28,28,220.16
2023-03-01,31,31,217.45
2023-04-01,30,30,173.47
2023-05-01,31,31,2.58
2023-06-01,30,30,0.98
2023-07-01,31,31,2.22
2023-08-01,31,31,7.67
2023-09-01,30,30,6.13
2023-10-01,31,31,84.49
2023-11-01,30,30,49.66
2023-12-01,31,31,199.4
2024-01-01,31,31,96.51
2024-02-01,29,29,92.17
2024-03-01,31,31,75.94
2024-04-01,30,30,89.9
2024-05-01,31,31,20.19
2024-06-01,30,30,5.43
2024-07-01,31,31,1.14
2024-08-01,31,31,0.64
2024-09-01,30,30,15.31
2024-10-01,31,31,27.15
2024-11-01,30,30,20.18
2024-12-01,31,31,100.42
2025-01-01,31,31,82.08
2025-02-01,28,28,237.85
2025-03-01,31,31,177.26
2025-04-01,30,30,120.31
2025-05-01,31,31,34.82
2025-06-01,30,30,17.15
2025-07-01,31,31,0.38
2025-08-01,31,31,1.8
2025-09-01,30,30,19.28
2025-10-01,31,31,64.03
2025-11-01,30,30,58.08
2025-12-01,31,31,8.33
