lon,lat,area_en_cuenca_km2,fraccion_celda,peso_pct,completa,z_media_m,z_min_m,z_max_m,desnivel_p5_p95_m
-78.35,-7.95,19.183,0.157,0.884,False,3809.654,3295.636,4133.579,511.068
-78.25,-7.95,36.59,0.3,1.686,False,3897.471,3203.914,4271.749,715.787
-78.65,-7.85,14.864,0.122,0.685,False,3729.593,2582.047,4245.912,964.999
-78.55,-7.85,23.325,0.191,1.075,False,3322.769,2205.642,4025.147,989.134
-78.45,-7.85,66.615,0.546,3.07,False,2858.059,1729.385,3960.035,1587.523
-78.35,-7.85,114.123,0.934,5.259,False,2930.687,1819.037,4004.09,1566.042
-78.25,-7.85,50.508,0.413,2.327,False,3464.237,2639.167,4132.583,1001.165
-78.75,-7.75,5.662,0.046,0.261,False,3261.763,2764.655,3807.239,627.721
-78.65,-7.75,112.706,0.923,5.194,False,2751.472,1077.545,4296.521,2069.273
-78.55,-7.75,122.127,1.0,5.628,True,2023.465,1089.176,3411.865,1635.8
-78.45,-7.75,122.145,1.0,5.628,True,2058.002,1310.706,3107.11,1232.738
-78.35,-7.75,121.935,0.998,5.619,True,2887.164,1716.354,4285.961,1769.057
-78.25,-7.75,28.231,0.231,1.301,False,3543.919,2879.151,4162.312,869.695
-78.75,-7.65,49.651,0.407,2.288,False,1959.631,813.813,3719.226,2233.486
-78.65,-7.65,122.138,1.0,5.628,True,1418.378,728.615,2969.921,1212.934
-78.55,-7.65,122.155,1.0,5.629,True,2369.571,1108.084,3605.483,1385.993
-78.45,-7.65,122.174,1.0,5.63,True,2957.446,1954.46,3941.725,1307.196
-78.35,-7.65,44.953,0.368,2.071,False,3649.067,2692.939,4296.397,1078.056
-78.75,-7.55,5.584,0.046,0.257,False,831.058,677.761,1522.818,294.325
-78.65,-7.55,117.074,0.958,5.395,False,1330.099,688.81,2938.606,1480.242
-78.55,-7.55,122.183,1.0,5.63,True,1773.719,974.968,3163.648,1396.817
-78.45,-7.55,122.201,1.0,5.631,True,2194.434,1265.73,3440.207,1344.689
-78.35,-7.55,51.923,0.425,2.393,False,3153.785,2289.603,3937.221,1145.004
-78.65,-7.45,85.719,0.702,3.95,False,2867.577,1448.704,4313.417,1843.149
-78.55,-7.45,122.21,1.0,5.631,True,2545.735,1299.813,3513.42,1283.194
-78.45,-7.45,122.229,1.0,5.632,True,2916.428,1710.391,4066.834,1648.337
-78.35,-7.45,64.59,0.528,2.976,False,3256.031,2143.846,4185.302,1564.495
-78.65,-7.35,3.894,0.032,0.179,False,3382.342,3096.455,3934.132,533.486
-78.55,-7.35,26.329,0.215,1.213,False,3192.115,2581.414,3955.457,894.86
-78.45,-7.35,20.423,0.167,0.941,False,3780.008,3097.602,4208.324,809.031
-78.35,-7.35,6.685,0.055,0.308,False,3951.002,3602.412,4197.877,404.478
