fecha,n_dias,dias_validos_P,P_L_mm_mes,dias_validos_Q,dias_faltantes_Q,R_suma_dias_validos_mm,R_mm_mes,R_flag,Q_mm_d,Q_m3_s,dias_validos_T,T_C
1981-01-01,31,31,76.43,0,31,,,sin_dato,,,31,15.4346
1981-02-01,28,28,201.294,0,28,,,sin_dato,,,28,15.7839
1981-03-01,31,31,136.08,0,31,,,sin_dato,,,31,15.664
1981-04-01,30,30,47.708,0,30,,,sin_dato,,,30,15.7438
1981-05-01,31,31,8.275,0,31,,,sin_dato,,,31,15.8616
1981-06-01,30,30,7.754,0,30,,,sin_dato,,,30,15.6405
1981-07-01,31,31,0.464,0,31,,,sin_dato,,,31,15.6012
1981-08-01,31,31,7.703,0,31,,,sin_dato,,,31,15.73
1981-09-01,30,30,5.357,0,30,,,sin_dato,,,30,15.9221
1981-10-01,31,31,65.454,0,31,,,sin_dato,,,31,15.9942
1981-11-01,30,30,31.887,0,30,,,sin_dato,,,30,15.5731
1981-12-01,31,31,70.708,0,31,,,sin_dato,,,31,15.8941
1982-01-01,31,31,64.19,0,31,,,sin_dato,,,31,15.5375
1982-02-01,28,28,64.094,0,28,,,sin_dato,,,28,15.681
1982-03-01,31,31,57.228,0,31,,,sin_dato,,,31,16.0347
1982-04-01,30,30,77.683,0,30,,,sin_dato,,,30,15.7449
1982-05-01,31,31,13.107,0,31,,,sin_dato,,,31,15.9804
1982-06-01,30,30,2.291,0,30,,,sin_dato,,,30,16.0564
1982-07-01,31,31,1.843,0,31,,,sin_dato,,,31,15.951
1982-08-01,31,31,0.753,0,31,,,sin_dato,,,31,16.2589
1982-09-01,30,30,28.367,0,30,,,sin_dato,,,30,16.3697
1982-10-01,31,31,78.039,0,31,,,sin_dato,,,31,15.7063
1982-11-01,30,30,67.48,0,30,,,sin_dato,,,30,15.8202
1982-12-01,31,31,117.142,0,31,,,sin_dato,,,31,16.4746
1983-01-01,31,31,196.112,0,31,,,sin_dato,,,31,17.3729
1983-02-01,28,28,167.092,0,28,,,sin_dato,,,28,17.1144
1983-03-01,31,31,343.624,0,31,,,sin_dato,,,31,17.1682
1983-04-01,30,30,339.226,0,30,,,sin_dato,,,30,16.8522
1983-05-01,31,31,69.496,0,31,,,sin_dato,,,31,17.0504
1983-06-01,30,30,15.09,0,30,,,sin_dato,,,30,16.5331
1983-07-01,31,31,1.132,0,31,,,sin_dato,,,31,16.8155
1983-08-01,31,31,1.151,0,31,,,sin_dato,,,31,16.7323
1983-09-01,30,30,15.836,0,30,,,sin_dato,,,30,16.4053
1983-10-01,31,31,39.978,0,31,,,sin_dato,,,31,15.994
1983-11-01,30,30,31.219,0,30,,,sin_dato,,,30,16.1249
1983-12-01,31,31,118.249,0,31,,,sin_dato,,,31,15.2788
1984-01-01,31,31,51.896,0,31,,,sin_dato,,,31,14.6214
1984-02-01,29,29,362.205,0,29,,,sin_dato,,,29,14.8819
1984-03-01,31,31,152.858,0,31,,,sin_dato,,,31,15.37
1984-04-01,30,30,92.995,0,30,,,sin_dato,,,30,15.2968
1984-05-01,31,31,50.781,0,31,,,sin_dato,,,31,15.2312
1984-06-01,30,30,24.597,0,30,,,sin_dato,,,30,15.0825
1984-07-01,31,31,5.45,0,31,,,sin_dato,,,31,14.8314
1984-08-01,31,31,3.251,0,31,,,sin_dato,,,31,15.5396
1984-09-01,30,30,28.019,0,30,,,sin_dato,,,30,15.5608
1984-10-01,31,31,66.824,0,31,,,sin_dato,,,31,15.5277
1984-11-01,30,30,48.125,0,30,,,sin_dato,,,30,14.5378
1984-12-01,31,31,48.039,0,31,,,sin_dato,,,31,15.3391
1985-01-01,31,31,21.218,0,31,,,sin_dato,,,31,15.3552
1985-02-01,28,28,66.389,0,28,,,sin_dato,,,28,15.1706
1985-03-01,31,31,65.422,0,31,,,sin_dato,,,31,15.5431
1985-04-01,30,30,46.905,0,30,,,sin_dato,,,30,15.107
1985-05-01,31,31,17.106,0,31,,,sin_dato,,,31,15.0674
1985-06-01,30,30,2.354,0,30,,,sin_dato,,,30,15.0816
1985-07-01,31,31,3.668,0,31,,,sin_dato,,,31,14.8244
1985-08-01,31,31,7.933,0,31,,,sin_dato,,,31,15.4683
1985-09-01,30,30,34.323,0,30,,,sin_dato,,,30,15.7182
1985-10-01,31,31,24.249,0,31,,,sin_dato,,,31,15.5318
1985-11-01,30,30,12.601,0,30,,,sin_dato,,,30,15.1217
1985-12-01,31,31,59.653,0,31,,,sin_dato,,,31,15.3835
1986-01-01,31,31,139.9,0,31,,,sin_dato,,,31,15.553
1986-02-01,28,28,76.456,0,28,,,sin_dato,,,28,14.8638
1986-03-01,31,31,119.71,0,31,,,sin_dato,,,31,14.9824
1986-04-01,30,30,161.575,0,30,,,sin_dato,,,30,15.7757
1986-05-01,31,31,20.273,0,31,,,sin_dato,,,31,15.538
1986-06-01,30,30,2.586,0,30,,,sin_dato,,,30,15.3568
1986-07-01,31,31,2.467,0,31,,,sin_dato,,,31,15.4711
1986-08-01,31,31,13.39,0,31,,,sin_dato,,,31,16.1706
1986-09-01,30,30,8.774,0,30,,,sin_dato,,,30,16.2299
1986-10-01,31,31,28.439,0,31,,,sin_dato,,,31,16.0135
1986-11-01,30,30,50.022,0,30,,,sin_dato,,,30,15.752
1986-12-01,31,31,110.88,0,31,,,sin_dato,,,31,16.0356
1987-01-01,31,31,159.905,0,31,,,sin_dato,,,31,16.2354
1987-02-01,28,28,129.978,0,28,,,sin_dato,,,28,16.7577
1987-03-01,31,31,99.851,0,31,,,sin_dato,,,31,16.3866
1987-04-01,30,30,96.217,0,30,,,sin_dato,,,30,16.4677
1987-05-01,31,31,8.76,0,31,,,sin_dato,,,31,16.0385
1987-06-01,30,30,1.956,0,30,,,sin_dato,,,30,16.4474
1987-07-01,31,31,5.144,0,31,,,sin_dato,,,31,16.5462
1987-08-01,31,31,5.781,0,31,,,sin_dato,,,31,16.4415
1987-09-01,30,30,27.553,0,30,,,sin_dato,,,30,16.8184
1987-10-01,31,31,20.323,0,31,,,sin_dato,,,31,16.5145
1987-11-01,30,30,46.524,0,30,,,sin_dato,,,30,16.1316
1987-12-01,31,31,44.744,0,31,,,sin_dato,,,31,16.4433
1988-01-01,31,31,129.74,0,31,,,sin_dato,,,31,16.1963
1988-02-01,29,29,122.195,0,29,,,sin_dato,,,29,16.5799
1988-03-01,31,31,58.082,0,31,,,sin_dato,,,31,16.0102
1988-04-01,30,30,136.23,0,30,,,sin_dato,,,30,15.7641
1988-05-01,31,31,21.781,0,31,,,sin_dato,,,31,15.9406
1988-06-01,30,30,5.742,0,30,,,sin_dato,,,30,15.2902
1988-07-01,31,31,0.533,0,31,,,sin_dato,,,31,15.627
1988-08-01,31,31,2.418,0,31,,,sin_dato,,,31,16.1405
1988-09-01,30,30,14.81,0,30,,,sin_dato,,,30,16.0597
1988-10-01,31,31,41.993,0,31,,,sin_dato,,,31,15.782
1988-11-01,30,30,39.737,0,30,,,sin_dato,,,30,15.5678
1988-12-01,31,31,38.869,0,31,,,sin_dato,,,31,15.0366
1989-01-01,31,31,98.187,0,31,,,sin_dato,,,31,15.1721
1989-02-01,28,28,207.933,0,28,,,sin_dato,,,28,14.9218
1989-03-01,31,31,169.117,0,31,,,sin_dato,,,31,14.7218
1989-04-01,30,30,122.427,0,30,,,sin_dato,,,30,15.11
1989-05-01,31,31,19.697,0,31,,,sin_dato,,,31,15.1585
1989-06-01,30,30,8.912,0,30,,,sin_dato,,,30,15.3087
1989-07-01,31,31,0.57,0,31,,,sin_dato,,,31,15.4312
1989-08-01,31,31,3.707,0,31,,,sin_dato,,,31,15.9646
1989-09-01,30,30,28.687,0,30,,,sin_dato,,,30,16.0493
1989-10-01,31,31,68.837,0,31,,,sin_dato,,,31,15.5685
1989-11-01,30,30,11.885,0,30,,,sin_dato,,,30,15.776
1989-12-01,31,31,4.569,0,31,,,sin_dato,,,31,16.0466
1990-01-01,31,31,43.811,0,31,,,sin_dato,,,31,16.078
1990-02-01,28,28,73.039,0,28,,,sin_dato,,,28,16.2183
1990-03-01,31,31,96.767,0,31,,,sin_dato,,,31,16.3855
1990-04-01,30,30,69.59,0,30,,,sin_dato,,,30,16.2691
1990-05-01,31,31,16.476,0,31,,,sin_dato,,,31,16.1314
1990-06-01,30,30,14.998,0,30,,,sin_dato,,,30,16.112
1990-07-01,31,31,0.7,0,31,,,sin_dato,,,31,15.8418
1990-08-01,31,31,0.886,0,31,,,sin_dato,,,31,16.1247
1990-09-01,30,30,12.606,0,30,,,sin_dato,,,30,16.6994
1990-10-01,31,31,55.525,0,31,,,sin_dato,,,31,16.0142
1990-11-01,30,30,66.2,0,30,,,sin_dato,,,30,15.9256
1990-12-01,31,31,41.706,0,31,,,sin_dato,,,31,15.7527
1991-01-01,31,31,25.505,0,31,,,sin_dato,,,31,16.1244
1991-02-01,28,28,75.403,0,28,,,sin_dato,,,28,16.5738
1991-03-01,31,31,142.4,0,31,,,sin_dato,,,31,16.1162
1991-04-01,30,30,100.627,0,30,,,sin_dato,,,30,16.0409
1991-05-01,31,31,21.269,0,31,,,sin_dato,,,31,16.2762
1991-06-01,30,30,2.614,0,30,,,sin_dato,,,30,16.4191
1991-07-01,31,31,0.561,0,31,,,sin_dato,,,31,15.699
1991-08-01,31,31,0.349,0,31,,,sin_dato,,,31,16.1526
1991-09-01,30,30,6.43,0,30,,,sin_dato,,,30,16.6382
1991-10-01,31,31,51.221,0,31,,,sin_dato,,,31,15.8117
1991-11-01,30,30,45.943,0,30,,,sin_dato,,,30,15.6327
1991-12-01,31,31,49.222,0,31,,,sin_dato,,,31,16.1481
1992-01-01,31,31,48.707,0,31,,,sin_dato,,,31,16.5254
1992-02-01,29,29,41.282,0,29,,,sin_dato,,,29,16.4544
1992-03-01,31,31,112.146,0,31,,,sin_dato,,,31,16.719
1992-04-01,30,30,134.229,0,30,,,sin_dato,,,30,16.7734
1992-05-01,31,31,31.826,0,31,,,sin_dato,,,31,16.6358
1992-06-01,30,30,13.917,0,30,,,sin_dato,,,30,15.9451
1992-07-01,31,31,4.877,0,31,,,sin_dato,,,31,15.4705
1992-08-01,31,31,2.727,0,31,,,sin_dato,,,31,16.1246
1992-09-01,30,30,33.004,0,30,,,sin_dato,,,30,16.2365
1992-10-01,31,31,35.334,0,31,,,sin_dato,,,31,15.8149
1992-11-01,30,30,14.926,0,30,,,sin_dato,,,30,15.841
1992-12-01,31,31,25.521,0,31,,,sin_dato,,,31,15.9495
1993-01-01,31,31,65.85,0,31,,,sin_dato,,,31,15.6353
1993-02-01,28,28,200.131,0,28,,,sin_dato,,,28,15.6269
1993-03-01,31,31,337.55,0,31,,,sin_dato,,,31,15.4067
1993-04-01,30,30,223.606,0,30,,,sin_dato,,,30,15.8768
1993-05-01,31,31,38.294,0,31,,,sin_dato,,,31,16.1982
1993-06-01,30,30,9.083,0,30,,,sin_dato,,,30,15.9605
1993-07-01,31,31,2.65,0,31,,,sin_dato,,,31,15.8893
1993-08-01,31,31,2.5,0,31,,,sin_dato,,,31,16.1332
1993-09-01,30,30,50.045,0,30,,,sin_dato,,,30,16.1923
1993-10-01,31,31,78.634,0,31,,,sin_dato,,,31,15.9131
1993-11-01,30,30,62.116,0,30,,,sin_dato,,,30,15.4103
1993-12-01,31,31,130.161,0,31,,,sin_dato,,,31,16.0524
1994-01-01,31,31,114.366,0,31,,,sin_dato,,,31,15.8571
1994-02-01,28,28,180.864,0,28,,,sin_dato,,,28,15.6136
1994-03-01,31,31,207.267,0,31,,,sin_dato,,,31,15.6427
1994-04-01,30,30,149.207,0,30,,,sin_dato,,,30,15.6312
1994-05-01,31,31,44.848,0,31,,,sin_dato,,,31,15.8276
1994-06-01,30,30,8.861,0,30,,,sin_dato,,,30,15.3788
1994-07-01,31,31,2.337,0,31,,,sin_dato,,,31,15.4675
1994-08-01,31,31,0.715,0,31,,,sin_dato,,,31,15.8737
1994-09-01,30,30,22.172,0,30,,,sin_dato,,,30,16.7047
1994-10-01,31,31,19.751,0,31,,,sin_dato,,,31,15.8536
1994-11-01,30,30,51.484,0,30,,,sin_dato,,,30,15.729
1994-12-01,31,31,104.804,0,31,,,sin_dato,,,31,16.2733
1995-01-01,31,31,70.416,0,31,,,sin_dato,,,31,16.406
1995-02-01,28,28,123.296,0,28,,,sin_dato,,,28,16.2958
1995-03-01,31,31,106.679,0,31,,,sin_dato,,,31,15.9571
1995-04-01,30,30,74.745,0,30,,,sin_dato,,,30,16.2795
1995-05-01,31,31,21.043,0,31,,,sin_dato,,,31,16.0605
1995-06-01,30,30,6.941,0,30,,,sin_dato,,,30,16.2766
1995-07-01,31,31,5.254,0,31,,,sin_dato,,,31,16.0909
1995-08-01,31,31,2.248,0,31,,,sin_dato,,,31,16.601
1995-09-01,30,30,12.2,0,30,,,sin_dato,,,30,16.7516
1995-10-01,31,31,45.475,0,31,,,sin_dato,,,31,16.5299
1995-11-01,30,30,49.197,0,30,,,sin_dato,,,30,16.0865
1995-12-01,31,31,96.46,0,31,,,sin_dato,,,31,16.0051
1996-01-01,31,31,90.582,0,31,,,sin_dato,,,31,15.4298
1996-02-01,29,29,171.299,0,29,,,sin_dato,,,29,15.6971
1996-03-01,31,31,198.752,0,31,,,sin_dato,,,31,15.8246
1996-04-01,30,30,84.773,0,30,,,sin_dato,,,30,15.5368
1996-05-01,31,31,14.612,0,31,,,sin_dato,,,31,15.6035
1996-06-01,30,30,5.268,0,30,,,sin_dato,,,30,15.7541
1996-07-01,31,31,0.286,0,31,,,sin_dato,,,31,15.6743
1996-08-01,31,31,4.191,0,31,,,sin_dato,,,31,15.7596
1996-09-01,30,30,16.709,0,30,,,sin_dato,,,30,16.5941
1996-10-01,31,31,58.079,0,31,,,sin_dato,,,31,15.9196
1996-11-01,30,30,21.677,0,30,,,sin_dato,,,30,15.5078
1996-12-01,31,31,23.445,0,31,,,sin_dato,,,31,15.9591
1997-01-01,31,31,36.299,0,31,,,sin_dato,,,31,15.6148
1997-02-01,28,28,167.269,0,28,,,sin_dato,,,28,15.9379
1997-03-01,31,31,52.221,0,31,,,sin_dato,,,31,16.2001
1997-04-01,30,30,104.418,0,30,,,sin_dato,,,30,16.1198
1997-05-01,31,31,13.245,0,31,,,sin_dato,,,31,16.5102
1997-06-01,30,30,8.697,0,30,,,sin_dato,,,30,16.3519
1997-07-01,31,31,0.992,0,31,,,sin_dato,,,31,17.0031
1997-08-01,31,31,2.034,0,31,,,sin_dato,,,31,17.032
1997-09-01,30,30,25.966,0,30,,,sin_dato,,,30,17.2534
1997-10-01,31,31,43.33,0,31,,,sin_dato,,,31,17.1775
1997-11-01,30,30,107.239,0,30,,,sin_dato,,,30,16.6119
1997-12-01,31,31,235.274,0,31,,,sin_dato,,,31,17.2279
1998-01-01,31,31,281.299,31,0,178.567,178.567,completo,5.7602,144.778,31,17.4348
1998-02-01,28,28,381.353,23,5,298.865,,excluido,,,28,17.5728
1998-03-01,31,31,414.471,29,2,782.588,836.5596,escalado,26.9858,678.2632,31,17.4536
1998-04-01,30,30,165.926,30,0,263.916,263.916,completo,8.7972,221.1096,30,17.5417
1998-05-01,31,31,24.898,31,0,62.452,62.452,completo,2.0146,50.6346,31,17.09
1998-06-01,30,30,5.652,30,0,23.185,23.185,completo,0.7728,19.4245,30,16.3265
1998-07-01,31,31,0.535,31,0,15.056,15.056,completo,0.4857,12.2071,31,16.212
1998-08-01,31,31,3.494,0,31,,,sin_dato,,,31,16.5644
1998-09-01,30,30,19.714,26,4,6.613,,excluido,,,30,16.642
1998-10-01,31,31,52.94,31,0,7.889,7.889,completo,0.2545,6.3962,31,16.62
1998-11-01,30,30,22.192,26,4,6.595,,excluido,,,30,15.8769
1998-12-01,31,31,47.739,28,3,5.018,5.5556,escalado,0.1792,4.5044,31,15.7797
1999-01-01,31,31,106.521,29,2,12.845,13.7309,escalado,0.4429,11.1327,31,15.7767
1999-02-01,28,28,369.434,28,0,127.383,127.383,completo,4.5494,114.3448,28,15.2491
1999-03-01,31,31,116.004,31,0,91.186,91.186,completo,2.9415,73.9315,31,15.3751
1999-04-01,30,30,108.448,30,0,56.535,56.535,completo,1.8845,47.3652,30,15.5974
1999-05-01,31,31,52.31,31,0,43.618,43.618,completo,1.407,35.3645,31,15.3772
1999-06-01,30,30,23.566,30,0,19.931,19.931,completo,0.6644,16.6982,30,15.532
1999-07-01,31,31,6.741,31,0,13.6,13.6,completo,0.4387,11.0266,31,15.2132
1999-08-01,31,31,1.404,30,1,7.362,7.6074,escalado,0.2454,6.1679,31,15.7097
1999-09-01,30,30,51.913,28,2,7.166,7.6779,escalado,0.2559,6.4325,30,15.8546
1999-10-01,31,31,27.296,31,0,9.847,9.847,completo,0.3176,7.9837,31,15.4858
1999-11-01,30,30,34.028,30,0,5.028,5.028,completo,0.1676,4.2125,30,15.8114
1999-12-01,31,31,87.681,31,0,13.628,13.628,completo,0.4396,11.0493,31,15.4682
2000-01-01,31,31,58.425,31,0,10.224,10.224,completo,0.3298,8.2894,31,15.0978
2000-02-01,29,29,192.778,29,0,54.761,54.761,completo,1.8883,47.461,29,15.1125
2000-03-01,31,31,211.224,31,0,242.794,242.794,completo,7.8321,196.8518,31,15.2502
2000-04-01,30,30,140.858,30,0,185.369,185.369,completo,6.179,155.3027,30,15.3949
2000-05-01,31,31,56.98,31,0,90.853,90.853,completo,2.9307,73.6615,31,15.765
2000-06-01,30,30,13.699,30,0,20.049,20.049,completo,0.6683,16.7971,30,15.6597
2000-07-01,31,31,1.474,31,0,12.601,12.601,completo,0.4065,10.2166,31,15.4082
2000-08-01,31,31,9.614,29,2,7.483,7.9991,escalado,0.258,6.4855,31,16.1684
2000-09-01,30,30,33.655,29,1,6.314,6.5317,escalado,0.2177,5.4723,30,16.1759
2000-10-01,31,31,23.807,31,0,6.198,6.198,completo,0.1999,5.0252,31,16.0635
2000-11-01,30,30,32.31,22,8,1.976,,excluido,,,30,15.6549
2000-12-01,31,31,118.726,31,0,11.322,11.322,completo,0.3652,9.1796,31,15.6419
2001-01-01,31,31,175.256,31,0,45.804,45.804,completo,1.4775,37.1368,31,15.0543
2001-02-01,28,28,116.06,28,0,52.934,52.934,completo,1.8905,47.516,28,15.5831
2001-03-01,31,31,349.942,31,0,177.024,177.024,completo,5.7105,143.527,31,15.458
2001-04-01,30,30,110.261,30,0,138.413,138.413,completo,4.6138,115.9628,30,15.592
2001-05-01,31,31,27.131,31,0,28.726,28.726,completo,0.9266,23.2904,31,15.5127
2001-06-01,30,30,5.285,30,0,19.389,19.389,completo,0.6463,16.2442,30,15.4068
2001-07-01,31,31,2.738,30,1,11.012,11.3791,escalado,0.3671,9.2259,31,15.7962
2001-08-01,31,31,0.56,31,0,7.288,7.288,completo,0.2351,5.9089,31,16.3712
2001-09-01,30,30,36.484,28,2,5.987,6.4146,escalado,0.2138,5.3742,30,16.0187
2001-10-01,31,31,37.205,28,3,4.022,4.4529,escalado,0.1436,3.6103,31,16.6033
2001-11-01,30,30,66.446,29,1,9.734,10.0697,escalado,0.3357,8.4364,30,15.8541
2001-12-01,31,31,71.838,31,0,14.946,14.946,completo,0.4821,12.1179,31,16.5397
2002-01-01,31,31,35.044,31,0,13.64,13.64,completo,0.44,11.059,31,16.4117
2002-02-01,28,28,156.512,28,0,23.099,23.099,completo,0.825,20.7347,28,16.2125
2002-03-01,31,31,229.796,31,0,99.371,99.371,completo,3.2055,80.5677,31,16.2799
2002-04-01,30,30,141.847,30,0,106.349,106.349,completo,3.545,89.0995,30,15.8758
2002-05-01,31,31,10.11,31,0,32.294,32.294,completo,1.0417,26.1832,31,16.1831
2002-06-01,30,30,9.844,30,0,16.522,16.522,completo,0.5507,13.8422,30,16.001
2002-07-01,31,31,3.607,31,0,9.814,9.814,completo,0.3166,7.957,31,16.1593
2002-08-01,31,31,0.392,29,2,6.058,6.4758,escalado,0.2089,5.2504,31,16.4683
2002-09-01,30,30,11.652,28,2,3.641,3.9011,escalado,0.13,3.2683,30,16.6727
2002-10-01,31,31,66.662,30,1,4.328,4.4723,escalado,0.1443,3.626,31,16.1627
2002-11-01,30,30,97.618,30,0,14.959,14.959,completo,0.4986,12.5327,30,16.1366
2002-12-01,31,31,87.944,31,0,18.944,18.944,completo,0.6111,15.3594,31,16.5809
2003-01-01,31,31,63.913,31,0,20.048,20.048,completo,0.6467,16.2545,31,16.6281
2003-02-01,28,28,103.995,28,0,31.494,31.494,completo,1.1248,28.2705,28,16.5132
2003-03-01,31,31,113.511,31,0,39.834,39.834,completo,1.285,32.2965,31,16.206
2003-04-01,30,30,69.522,30,0,37.062,37.062,completo,1.2354,31.0506,30,16.2771
2003-05-01,31,31,17.723,31,0,21.925,21.925,completo,0.7073,17.7763,31,16.1285
2003-06-01,30,30,13.692,30,0,9.557,9.557,completo,0.3186,8.0069,30,15.8617
2003-07-01,31,31,2.909,31,0,5.514,5.514,completo,0.1779,4.4706,31,15.8096
2003-08-01,31,31,1.815,30,1,2.601,2.6877,escalado,0.0867,2.1791,31,16.1729
2003-09-01,30,30,10.45,28,2,1.698,1.8193,escalado,0.0606,1.5242,30,16.5957
2003-10-01,31,31,21.421,31,0,1.521,1.521,completo,0.0491,1.2332,31,16.533
2003-11-01,30,30,39.591,27,3,1.256,1.3956,escalado,0.0465,1.1692,30,16.3917
2003-12-01,31,31,88.8,31,0,2.682,2.682,completo,0.0865,2.1745,31,15.9951
2004-01-01,31,31,31.391,31,0,8.938,8.938,completo,0.2883,7.2467,31,16.1453
2004-02-01,29,29,116.155,29,0,16.185,16.185,completo,0.5581,14.0274,29,16.208
2004-03-01,31,31,100.972,31,0,21.134,21.134,completo,0.6817,17.135,31,16.6028
2004-04-01,30,30,63.098,30,0,29.07,29.07,completo,0.969,24.3549,30,16.1035
2004-05-01,31,31,23.653,31,0,10.173,10.173,completo,0.3282,8.248,31,16.319
2004-06-01,30,30,2.876,30,0,4.764,4.764,completo,0.1588,3.9913,30,16.1084
2004-07-01,31,31,6.177,26,5,2.072,,excluido,,,31,15.7107
2004-08-01,31,31,1.62,28,3,0.716,0.7927,escalado,0.0256,0.6427,31,16.326
2004-09-01,30,30,23.01,29,1,0.446,0.4614,escalado,0.0154,0.3865,30,16.4079
2004-10-01,31,31,64.172,30,1,1.661,1.7164,escalado,0.0554,1.3916,31,16.2172
2004-11-01,30,30,54.613,30,0,9.943,9.943,completo,0.3314,8.3303,30,16.1064
2004-12-01,31,31,85.888,31,0,14.927,14.927,completo,0.4815,12.1025,31,16.1659
2005-01-01,31,31,64.413,31,0,17.287,17.287,completo,0.5576,14.0159,31,16.2468
2005-02-01,28,28,99.502,28,0,15.6,15.6,completo,0.5571,14.0033,28,16.7488
2005-03-01,31,31,176.032,31,0,52.764,52.764,completo,1.7021,42.7798,31,16.1924
2005-04-01,30,30,64.466,30,0,40.523,40.523,completo,1.3508,33.9503,30,16.7207
2005-05-01,31,31,5.077,31,0,13.694,13.694,completo,0.4417,11.1028,31,16.1787
2005-06-01,30,30,2.09,30,0,4.467,4.467,completo,0.1489,3.7425,30,16.3498
2005-07-01,31,31,0.599,30,1,2.379,2.4583,escalado,0.0793,1.9931,31,16.1083
2005-08-01,31,31,2.546,24,7,0.686,,excluido,,,31,16.4366
2005-09-01,30,30,7.858,25,5,0.364,,excluido,,,30,16.6523
2005-10-01,31,31,47.913,30,1,0.981,1.0137,escalado,0.0327,0.8219,31,16.0202
2005-11-01,30,30,16.311,29,1,0.981,1.0148,escalado,0.0338,0.8502,30,15.8487
2005-12-01,31,31,79.38,31,0,0.663,0.663,completo,0.0214,0.5375,31,15.6397
2006-01-01,31,31,94.424,31,0,8.15,8.15,completo,0.2629,6.6078,31,15.9599
2006-02-01,28,28,172.693,28,0,40.552,40.552,completo,1.4483,36.4013,28,16.1718
2006-03-01,31,31,338.901,31,0,113.232,113.232,completo,3.6526,91.8059,31,15.8373
2006-04-01,30,30,108.98,30,0,86.031,86.031,completo,2.8677,72.077,30,15.7435
2006-05-01,31,31,9.796,31,0,30.907,30.907,completo,0.997,25.0587,31,15.5762
2006-06-01,30,30,22.649,30,0,12.393,12.393,completo,0.4131,10.3829,30,15.9846
2006-07-01,31,31,3.181,30,1,5.93,6.1277,escalado,0.1977,4.9682,31,16.1221
2006-08-01,31,31,6.319,30,1,3.308,3.4183,escalado,0.1103,2.7715,31,16.6357
2006-09-01,30,30,24.068,29,1,2.528,2.6152,escalado,0.0872,2.191,30,16.7671
2006-10-01,31,31,16.333,31,0,1.957,1.957,completo,0.0631,1.5867,31,16.515
2006-11-01,30,30,69.282,30,0,1.446,1.446,completo,0.0482,1.2115,30,16.0234
2006-12-01,31,31,109.067,31,0,5.587,5.587,completo,0.1802,4.5298,31,16.4942
2007-01-01,31,31,117.309,31,0,31.075,31.075,completo,1.0024,25.1949,31,16.9033
2007-02-01,28,28,51.746,28,0,36.229,36.229,completo,1.2939,32.5208,28,16.2135
2007-03-01,31,31,252.479,30,1,61.884,63.9468,escalado,2.0628,51.8466,31,16.0685
2007-04-01,30,30,137.133,30,0,94.163,94.163,completo,3.1388,78.89,30,15.8739
2007-05-01,31,31,29.465,31,0,42.371,42.371,completo,1.3668,34.3534,31,16.0221
2007-06-01,30,30,1.294,30,0,15.688,15.688,completo,0.5229,13.1435,30,15.8867
2007-07-01,31,31,3.574,30,1,6.957,7.1889,escalado,0.2319,5.8286,31,15.984
2007-08-01,31,31,4.633,31,0,4.469,4.469,completo,0.1442,3.6234,31,15.8853
2007-09-01,30,30,10.007,27,3,2.813,3.1256,escalado,0.1042,2.6186,30,16.2449
2007-10-01,31,31,77.248,31,0,2.787,2.787,completo,0.0899,2.2596,31,15.7693
2007-11-01,30,30,66.108,30,0,9.394,9.394,completo,0.3131,7.8703,30,15.9988
2007-12-01,31,31,55.05,31,0,8.679,8.679,completo,0.28,7.0367,31,15.5575
2008-01-01,31,31,127.808,31,0,20.835,20.835,completo,0.6721,16.8925,31,15.4579
2008-02-01,29,29,230.271,29,0,48.214,48.214,completo,1.6626,41.7867,29,15.5594
2008-03-01,31,31,191.761,31,0,112.096,112.096,completo,3.616,90.8849,31,15.4991
2008-04-01,30,30,134.865,30,0,135.925,135.925,completo,4.5308,113.8784,30,15.6848
2008-05-01,31,31,12.834,31,0,42.688,42.688,completo,1.377,34.6104,31,15.6039
2008-06-01,30,30,13.526,30,0,21.65,21.65,completo,0.7217,18.1384,30,15.6793
2008-07-01,31,31,2.642,31,0,13.21,13.21,completo,0.4261,10.7104,31,15.7795
2008-08-01,31,31,4.659,31,0,7.261,7.261,completo,0.2342,5.8871,31,16.2533
2008-09-01,30,30,21.209,29,1,4.574,4.7317,escalado,0.1577,3.9643,30,16.6167
2008-10-01,31,31,69.753,31,0,4.837,4.837,completo,0.156,3.9217,31,16.0682
2008-11-01,30,30,68.021,30,0,14.664,14.664,completo,0.4888,12.2855,30,15.9877
2008-12-01,31,31,21.996,31,0,10.058,10.058,completo,0.3245,8.1548,31,15.7537
2009-01-01,31,31,211.872,31,0,20.015,20.015,completo,0.6456,16.2277,31,15.798
2009-02-01,28,28,175.454,28,0,66.526,66.526,completo,2.3759,59.7168,28,15.6799
2009-03-01,31,31,228.238,31,0,118.986,118.986,completo,3.8383,96.4711,31,15.7644
2009-04-01,30,30,118.011,30,0,118.038,118.038,completo,3.9346,98.8926,30,15.9034
2009-05-01,31,31,27.771,31,0,49.06,49.06,completo,1.5826,39.7767,31,15.9129
2009-06-01,30,30,8.56,30,0,22.256,22.256,completo,0.7419,18.6461,30,16.1613
2009-07-01,31,31,7.095,31,0,13.497,13.497,completo,0.4354,10.9431,31,16.3252
2009-08-01,31,31,2.805,31,0,8.16,8.16,completo,0.2632,6.6159,31,16.8123
2009-09-01,30,30,6.549,29,1,4.919,5.0886,escalado,0.1696,4.2633,30,17.098
2009-10-01,31,31,70.474,31,0,3.714,3.714,completo,0.1198,3.0112,31,16.7801
2009-11-01,30,30,79.939,30,0,7.633,7.633,completo,0.2544,6.3949,30,16.1464
2009-12-01,31,31,85.622,31,0,19.513,19.513,completo,0.6295,15.8207,31,16.4415
2010-01-01,31,31,56.805,31,0,31.422,31.422,completo,1.0136,25.4762,31,16.7602
2010-02-01,28,28,188.64,28,0,30.457,30.457,completo,1.0878,27.3396,28,17.0739
2010-03-01,31,31,165.609,31,0,49.302,49.302,completo,1.5904,39.9729,31,17.0467
2010-04-01,30,30,109.762,30,0,61.378,61.378,completo,2.0459,51.4227,30,16.891
2010-05-01,31,31,26.168,31,0,45.267,45.267,completo,1.4602,36.7014,31,16.5495
2010-06-01,30,30,8.413,30,0,18.381,18.381,completo,0.6127,15.3997,30,16.2674
2010-07-01,31,31,5.762,31,0,9.549,9.549,completo,0.308,7.7421,31,16.0245
2010-08-01,31,31,1.471,31,0,6.236,6.236,completo,0.2012,5.056,31,16.2371
2010-09-01,30,30,26.261,29,1,3.669,3.7955,escalado,0.1265,3.1799,30,16.2931
2010-10-01,31,31,21.36,31,0,3.42,3.42,completo,0.1103,2.7729,31,16.0262
2010-11-01,30,30,42.157,30,0,2.736,2.736,completo,0.0912,2.2922,30,15.4746
2010-12-01,31,31,64.193,31,0,3.869,3.869,completo,0.1248,3.1369,31,15.5337
2011-01-01,31,31,83.2,31,0,9.532,9.532,completo,0.3075,7.7283,31,15.5672
2011-02-01,28,28,74.11,28,0,26.99,26.99,completo,0.9639,24.2275,28,15.4359
2011-03-01,31,31,136.075,31,0,22.602,22.602,completo,0.7291,18.3252,31,15.4986
2011-04-01,30,30,199.705,30,0,73.253,73.253,completo,2.4418,61.3716,30,15.6695
2011-05-01,31,31,8.474,31,0,49.19,49.19,completo,1.5868,39.8821,31,15.8571
2011-06-01,30,30,2.568,30,0,12.754,12.754,completo,0.4251,10.6853,30,16.1437
2011-07-01,31,31,6.633,31,0,6.329,6.329,completo,0.2042,5.1314,31,15.9196
2011-08-01,31,31,0.741,31,0,3.442,3.442,completo,0.111,2.7907,31,16.3787
2011-09-01,30,30,18.951,28,2,1.562,1.6736,escalado,0.0558,1.4021,30,16.3491
2011-10-01,31,31,19.114,31,0,1.489,1.489,completo,0.048,1.2072,31,15.6274
2011-11-01,30,30,40.567,27,3,0.974,1.0822,escalado,0.0361,0.9067,30,15.9586
2011-12-01,31,31,125.269,31,0,4.073,4.073,completo,0.1314,3.3023,31,15.8163
2012-01-01,31,31,138.091,31,0,32.904,32.904,completo,1.0614,26.6778,31,15.6892
2012-02-01,29,29,206.913,29,0,88.385,88.385,completo,3.0478,76.6026,29,15.346
2012-03-01,31,31,196.892,31,0,60.547,60.547,completo,1.9531,49.0901,31,15.8339
2012-04-01,30,30,146.138,30,0,81.681,81.681,completo,2.7227,68.4326,30,15.7179
2012-05-01,31,31,32.276,31,0,51.317,51.317,completo,1.6554,41.6066,31,16.1058
2012-06-01,30,30,5.673,30,0,23.829,23.829,completo,0.7943,19.964,30,15.8433
2012-07-01,31,31,0.175,31,0,11.345,11.345,completo,0.366,9.1983,31,16.1825
2012-08-01,31,31,3.602,31,0,5.807,5.807,completo,0.1873,4.7082,31,16.3949
2012-09-01,30,30,8.496,29,1,3.387,3.5038,escalado,0.1168,2.9355,30,16.7319
2012-10-01,31,31,75.532,31,0,2.563,2.563,completo,0.0827,2.078,31,16.3537
2012-11-01,30,30,72.029,30,0,12.488,12.488,completo,0.4163,10.4625,30,16.1408
2012-12-01,31,31,74.13,31,0,12.011,12.011,completo,0.3875,9.7382,31,15.7674
2013-01-01,31,31,69.244,31,0,13.234,13.234,completo,0.4269,10.7298,31,16.4704
2013-02-01,28,28,163.689,28,0,19.501,19.501,completo,0.6965,17.505,28,16.0789
2013-03-01,31,31,296.76,31,0,83.456,83.456,completo,2.6921,67.6642,31,16.3216
2013-04-01,30,30,72.607,30,0,119.948,119.948,completo,3.9983,100.4928,30,16.5154
2013-05-01,31,31,42.627,31,0,33.064,33.064,completo,1.0666,26.8075,31,15.7585
2013-06-01,30,30,5.568,30,0,17.504,17.504,completo,0.5835,14.6649,30,15.9797
2013-07-01,31,31,3.114,31,0,8.167,8.167,completo,0.2635,6.6216,31,15.7016
2013-08-01,31,31,6.217,31,0,4.59,4.59,completo,0.1481,3.7215,31,16.3565
2013-09-01,30,30,5.591,29,1,2.678,2.7703,escalado,0.0923,2.321,30,16.6045
2013-10-01,31,31,87.754,30,1,1.824,1.8848,escalado,0.0608,1.5282,31,16.1883
2013-11-01,30,30,8.068,30,0,5.989,5.989,completo,0.1996,5.0176,30,15.5196
2013-12-01,31,31,83.457,28,3,4.485,4.9655,escalado,0.1602,4.0259,31,15.9817
2014-01-01,31,31,82.27,30,1,10.722,11.0794,escalado,0.3574,8.9829,31,16.1382
2014-02-01,28,28,99.076,28,0,14.355,14.355,completo,0.5127,12.8857,28,16.4898
2014-03-01,31,31,171.637,31,0,55.88,55.88,completo,1.8026,45.3062,31,16.0792
2014-04-01,30,30,83.155,30,0,51.028,51.028,completo,1.7009,42.7514,30,16.1881
2014-05-01,31,31,49.869,31,0,40.524,40.524,completo,1.3072,32.8559,31,16.3994
2014-06-01,30,30,4.738,30,0,22.626,22.626,completo,0.7542,18.9561,30,16.6117
2014-07-01,31,31,2.393,31,0,6.939,6.939,completo,0.2238,5.626,31,16.7644
2014-08-01,31,31,1.889,31,0,3.228,3.228,completo,0.1041,2.6172,31,16.2697
2014-09-01,30,30,32.934,27,3,1.501,1.6678,escalado,0.0556,1.3973,30,16.6044
2014-10-01,31,31,37.521,31,0,2.696,2.696,completo,0.087,2.1859,31,16.3816
2014-11-01,30,30,46.831,30,0,2.579,2.579,completo,0.086,2.1607,30,16.2361
2014-12-01,31,31,96.706,31,0,5.999,5.999,completo,0.1935,4.8639,31,16.4775
2015-01-01,31,31,123.835,31,0,12.233,12.233,completo,0.3946,9.9182,31,16.1461
2015-02-01,28,28,90.111,28,0,42.279,42.279,completo,1.51,37.9516,28,16.1938
2015-03-01,31,31,257.295,31,0,51.721,51.721,completo,1.6684,41.9342,31,16.0452
2015-04-01,30,30,90.194,30,0,149.956,149.956,completo,4.9985,125.6336,30,16.0883
2015-05-01,31,31,48.688,31,0,51.338,51.338,completo,1.6561,41.6237,31,16.6335
2015-06-01,30,30,1.986,30,0,26.178,26.178,completo,0.8726,21.932,30,17.0453
2015-07-01,31,31,2.995,31,0,9.837,9.837,completo,0.3173,7.9756,31,16.6852
2015-08-01,31,31,0.683,31,0,5.522,5.522,completo,0.1781,4.4771,31,16.9619
2015-09-01,30,30,8.35,26,4,2.462,,excluido,,,30,17.6599
2015-10-01,31,31,37.417,31,0,1.902,1.902,completo,0.0614,1.5421,31,17.2108
2015-11-01,30,30,74.253,30,0,2.394,2.394,completo,0.0798,2.0057,30,16.9405
2015-12-01,31,31,82.117,31,0,5.16,5.16,completo,0.1665,4.1836,31,17.6606
2016-01-01,31,31,69.542,31,0,5.544,5.544,completo,0.1788,4.4949,31,17.7519
2016-02-01,29,29,142.122,29,0,22.463,22.463,completo,0.7746,19.4685,29,17.5995
2016-03-01,31,31,116.337,31,0,62.304,62.304,completo,2.0098,50.5146,31,17.4339
2016-04-01,30,30,92.914,30,0,51.438,51.438,completo,1.7146,43.0949,30,17.1246
2016-05-01,31,31,8.013,31,0,31.274,31.274,completo,1.0088,25.3562,31,17.0135
2016-06-01,30,30,9.398,30,0,9.312,9.312,completo,0.3104,7.8016,30,16.2843
2016-07-01,31,31,0.832,31,0,5.22,5.22,completo,0.1684,4.2323,31,16.1679
2016-08-01,31,31,0.799,31,0,2.8,2.8,completo,0.0903,2.2702,31,16.941
2016-09-01,30,30,18.333,29,1,1.37,1.4172,escalado,0.0472,1.1874,30,17.1054
2016-10-01,31,31,25.528,30,1,1.01,1.0437,escalado,0.0337,0.8462,31,16.6444
2016-11-01,30,30,8.182,30,0,1.041,1.041,completo,0.0347,0.8722,30,16.4427
2016-12-01,31,31,68.266,30,1,0.54,0.558,escalado,0.018,0.4524,31,16.5578
2017-01-01,31,31,126.88,31,0,4.645,4.645,completo,0.1498,3.7661,31,16.0165
2017-02-01,28,28,148.713,28,0,40.535,40.535,completo,1.4477,36.3861,28,16.1846
2017-03-01,31,31,376.864,30,1,113.602,117.3887,escalado,3.7867,95.1761,31,16.1111
2017-04-01,30,30,119.907,30,0,538.011,538.011,completo,17.9337,450.7472,30,16.3603
2017-05-01,31,31,46.306,31,0,66.302,66.302,completo,2.1388,53.7561,31,16.2082
2017-06-01,30,30,9.363,30,0,44.094,44.094,completo,1.4698,36.9421,30,15.9647
2017-07-01,31,31,0.299,31,0,23.504,23.504,completo,0.7582,19.0565,31,16.1614
2017-08-01,31,31,8.031,31,0,11.986,11.986,completo,0.3866,9.718,31,16.5387
2017-09-01,30,30,17.913,29,1,7.252,7.5021,escalado,0.2501,6.2853,30,16.7997
2017-10-01,31,31,57.118,31,0,6.569,6.569,completo,0.2119,5.326,31,16.7335
2017-11-01,30,30,20.94,30,0,6.151,6.151,completo,0.205,5.1533,30,16.1309
2017-12-01,31,31,70.519,31,0,6.902,6.902,completo,0.2226,5.596,31,16.35
2018-01-01,31,31,89.83,31,0,8.479,8.479,completo,0.2735,6.8746,31,15.7272
2018-02-01,28,28,109.778,28,0,21.25,21.25,completo,0.7589,19.075,28,16.1735
2018-03-01,31,31,123.609,31,0,40.193,40.193,completo,1.2965,32.5876,31,16.1228
2018-04-01,30,30,105.622,30,0,60.7,60.7,completo,2.0233,50.8546,30,15.845
2018-05-01,31,31,46.336,31,0,44.782,44.782,completo,1.4446,36.3082,31,16.0318
2018-06-01,30,30,4.551,30,0,28.65,28.65,completo,0.955,24.0031,30,15.6985
2018-07-01,31,31,0.752,31,0,10.446,10.446,completo,0.337,8.4694,31,15.9485
2018-08-01,31,31,0.854,30,1,5.47,5.6523,escalado,0.1823,4.5828,31,16.5727
2018-09-01,30,30,20.71,26,4,3.168,,excluido,,,30,16.7732
2018-10-01,31,31,36.257,27,4,2.474,,excluido,,,31,16.2703
2018-11-01,30,30,51.865,30,0,3.435,3.435,completo,0.1145,2.8779,30,16.4855
2018-12-01,31,31,86.703,31,0,5.406,5.406,completo,0.1744,4.3831,31,16.4374
2019-01-01,31,31,72.344,24,7,8.34,,excluido,,,31,16.7565
2019-02-01,28,28,229.009,15,13,6.668,,excluido,,,28,16.6787
2019-03-01,31,31,213.746,31,0,106.733,106.733,completo,3.443,86.5367,31,16.6953
2019-04-01,30,30,95.268,30,0,104.968,104.968,completo,3.4989,87.9425,30,16.4729
2019-05-01,31,31,26.642,29,2,44.393,47.4546,escalado,1.5308,38.4751,31,16.488
2019-06-01,30,30,3.369,26,4,18.582,,excluido,,,30,16.7725
2019-07-01,31,31,6.698,26,5,11.932,,excluido,,,31,16.4541
2019-08-01,31,31,0.312,23,8,4.089,,excluido,,,31,16.6493
2019-09-01,30,30,17.725,19,11,2.817,,excluido,,,30,16.8253
2019-10-01,31,31,55.376,20,11,2.625,,excluido,,,31,16.3404
2019-11-01,30,30,47.859,30,0,6.703,6.703,completo,0.2234,5.6158,30,16.3235
2019-12-01,31,31,133.945,31,0,9.195,9.195,completo,0.2966,7.4551,31,16.6004
2020-01-01,31,31,39.472,31,0,28.118,28.118,completo,0.907,22.7974,31,16.8722
2020-02-01,29,29,63.46,29,0,19.517,19.517,completo,0.673,16.9152,29,17.1382
2020-03-01,31,31,102.872,31,0,26.229,26.229,completo,0.8461,21.2659,31,16.7818
2020-04-01,30,30,86.265,30,0,41.879,41.879,completo,1.396,35.0863,30,16.7982
2020-05-01,31,31,22.078,31,0,25.181,25.181,completo,0.8123,20.4162,31,17.1813
2020-06-01,30,30,6.149,29,1,7.46,7.7172,escalado,0.2572,6.4655,30,16.5524
2020-07-01,31,31,10.883,25,6,2.892,,excluido,,,31,16.3799
2020-08-01,31,31,1.696,28,3,2.461,2.7247,escalado,0.0879,2.2091,31,16.6231
2020-09-01,30,30,14.237,12,18,0.662,,excluido,,,30,16.7115
2020-10-01,31,31,27.345,21,10,1.015,,excluido,,,31,16.684
2020-11-01,30,30,45.979,19,11,1.005,,excluido,,,30,16.475
2020-12-01,31,31,154.36,24,7,6.429,,excluido,,,31,15.9722
2021-01-01,31,31,142.909,31,0,35.046,35.046,completo,1.1305,28.4145,0,
2021-02-01,28,28,51.737,28,0,61.31,61.31,completo,2.1896,55.0347,0,
2021-03-01,31,31,249.137,31,0,31.407,31.407,completo,1.0131,25.4641,0,
2021-04-01,30,30,119.963,30,0,88.326,88.326,completo,2.9442,73.9998,0,
2021-05-01,31,31,29.793,31,0,60.429,60.429,completo,1.9493,48.9944,0,
2021-06-01,30,30,20.086,30,0,24.045,24.045,completo,0.8015,20.145,0,
2021-07-01,31,31,3.901,31,0,15.253,15.253,completo,0.492,12.3668,0,
2021-08-01,31,31,12.066,24,7,5.085,,excluido,,,0,
2021-09-01,30,30,20.204,14,16,1.672,,excluido,,,0,
2021-10-01,31,31,111.028,30,1,3.882,4.0114,escalado,0.1294,3.2524,0,
2021-11-01,30,30,60.765,30,0,14.638,14.638,completo,0.4879,12.2638,0,
2021-12-01,31,31,76.88,31,0,13.597,13.597,completo,0.4386,11.0241,0,
2022-01-01,31,31,67.308,31,0,23.012,23.012,completo,0.7423,18.6576,0,
2022-02-01,28,28,148.889,28,0,14.809,14.809,completo,0.5289,13.2932,0,
2022-03-01,31,31,191.254,31,0,54.625,54.625,completo,1.7621,44.2887,0,
2022-04-01,30,30,111.649,30,0,77.034,77.034,completo,2.5678,64.5393,0,
2022-05-01,31,31,23.711,31,0,54.156,54.156,completo,1.747,43.9084,0,
2022-06-01,30,30,13.426,30,0,17.857,17.857,completo,0.5952,14.9606,0,
2022-07-01,31,31,2.825,31,0,8.387,8.387,completo,0.2705,6.8,0,
2022-08-01,31,31,6.265,31,0,4.87,4.87,completo,0.1571,3.9485,0,
2022-09-01,30,30,31.878,29,1,3.476,3.5959,escalado,0.1199,3.0126,0,
2022-10-01,31,31,21.266,31,0,4.702,4.702,completo,0.1517,3.8123,0,
2022-11-01,30,30,9.013,23,7,1.474,,excluido,,,0,
2022-12-01,31,31,79.609,29,2,4.976,5.3192,escalado,0.1716,4.3127,0,
2023-01-01,31,31,114.406,31,0,19.801,19.801,completo,0.6387,16.0542,0,
2023-02-01,28,28,165.774,28,0,33.589,33.589,completo,1.1996,30.151,0,
2023-03-01,31,31,331.035,31,0,134.739,134.739,completo,4.3464,109.2433,0,
2023-04-01,30,30,182.721,30,0,81.643,81.643,completo,2.7214,68.4007,0,
2023-05-01,31,31,26.148,31,0,46.036,46.036,completo,1.485,37.3249,0,
2023-06-01,30,30,5.644,30,0,17.936,17.936,completo,0.5979,15.0268,0,
2023-07-01,31,31,0.88,31,0,8.59,8.59,completo,0.2771,6.9646,0,
2023-08-01,31,31,4.564,31,0,5.285,5.285,completo,0.1705,4.285,0,
2023-09-01,30,30,12.387,30,0,3.487,3.487,completo,0.1162,2.9214,0,
2023-10-01,31,31,108.523,31,0,12.238,12.238,completo,0.3948,9.9223,0,
2023-11-01,30,30,77.709,30,0,11.319,11.319,completo,0.3773,9.4831,0,
2023-12-01,31,31,176.641,31,0,42.522,42.522,completo,1.3717,34.4759,0,
2024-01-01,31,31,98.817,31,0,64.734,64.734,completo,2.0882,52.4848,0,
2024-02-01,29,29,128.357,29,0,26.564,26.564,completo,0.916,23.0228,0,
2024-03-01,31,31,85.59,31,0,42.921,42.921,completo,1.3845,34.7994,0,
2024-04-01,30,30,111.272,30,0,31.123,31.123,completo,1.0374,26.0749,0,
2024-05-01,31,31,23.792,31,0,23.073,23.073,completo,0.7443,18.7071,0,
2024-06-01,30,30,6.867,30,0,9.123,9.123,completo,0.3041,7.6433,0,
2024-07-01,31,31,1.272,23,8,4.349,,excluido,,,0,
2024-08-01,31,31,1.462,31,0,3.038,3.038,completo,0.098,2.4631,0,
2024-09-01,30,30,20.006,27,3,2.425,2.6944,escalado,0.0898,2.2574,0,
2024-10-01,31,31,38.255,31,0,3.783,3.783,completo,0.122,3.0672,0,
2024-11-01,30,30,22.976,30,0,2.066,2.066,completo,0.0689,1.7309,0,
2024-12-01,31,31,118.525,31,0,8.298,8.298,completo,0.2677,6.7278,0,
2025-01-01,31,31,106.082,31,0,25.879,25.879,completo,0.8348,20.9821,0,
2025-02-01,28,28,283.514,28,0,55.122,55.122,completo,1.9686,49.48,0,
2025-03-01,31,31,232.649,31,0,65.556,65.556,completo,2.1147,53.1513,0,
2025-04-01,30,30,165.854,30,0,106.966,106.966,completo,3.5655,89.6164,0,
2025-05-01,31,31,32.094,31,0,56.107,56.107,completo,1.8099,45.4903,0,
2025-06-01,30,30,17.032,30,0,19.034,19.034,completo,0.6345,15.9467,0,
2025-07-01,31,31,0.304,31,0,9.365,9.365,completo,0.3021,7.5929,0,
2025-08-01,31,31,2.718,31,0,6.346,6.346,completo,0.2047,5.1452,0,
2025-09-01,30,30,29.375,30,0,5.998,5.998,completo,0.1999,5.0251,0,
2025-10-01,31,31,74.984,31,0,8.462,8.462,completo,0.273,6.8608,0,
2025-11-01,30,30,83.575,30,0,17.187,17.187,completo,0.5729,14.3993,0,
2025-12-01,31,31,19.817,31,0,7.27,7.27,completo,0.2345,5.8943,0,
