fecha,T_piscot_C,T_estimada_era5land_C,fuente
1998-01-01,17.435,,PISCOt v1.2 (CAMELS-PE)
1998-02-01,17.573,,PISCOt v1.2 (CAMELS-PE)
1998-03-01,17.454,,PISCOt v1.2 (CAMELS-PE)
1998-04-01,17.542,,PISCOt v1.2 (CAMELS-PE)
1998-05-01,17.09,,PISCOt v1.2 (CAMELS-PE)
1998-06-01,16.326,,PISCOt v1.2 (CAMELS-PE)
1998-07-01,16.212,,PISCOt v1.2 (CAMELS-PE)
1998-08-01,16.564,,PISCOt v1.2 (CAMELS-PE)
1998-09-01,16.642,,PISCOt v1.2 (CAMELS-PE)
1998-10-01,16.62,,PISCOt v1.2 (CAMELS-PE)
1998-11-01,15.877,,PISCOt v1.2 (CAMELS-PE)
1998-12-01,15.78,,PISCOt v1.2 (CAMELS-PE)
1999-01-01,15.777,,PISCOt v1.2 (CAMELS-PE)
1999-02-01,15.249,,PISCOt v1.2 (CAMELS-PE)
1999-03-01,15.375,,PISCOt v1.2 (CAMELS-PE)
1999-04-01,15.597,,PISCOt v1.2 (CAMELS-PE)
1999-05-01,15.377,,PISCOt v1.2 (CAMELS-PE)
1999-06-01,15.532,,PISCOt v1.2 (CAMELS-PE)
1999-07-01,15.213,,PISCOt v1.2 (CAMELS-PE)
1999-08-01,15.71,,PISCOt v1.2 (CAMELS-PE)
1999-09-01,15.855,,PISCOt v1.2 (CAMELS-PE)
1999-10-01,15.486,,PISCOt v1.2 (CAMELS-PE)
1999-11-01,15.811,,PISCOt v1.2 (CAMELS-PE)
1999-12-01,15.468,,PISCOt v1.2 (CAMELS-PE)
2000-01-01,15.098,,PISCOt v1.2 (CAMELS-PE)
2000-02-01,15.112,,PISCOt v1.2 (CAMELS-PE)
2000-03-01,15.25,,PISCOt v1.2 (CAMELS-PE)
2000-04-01,15.395,,PISCOt v1.2 (CAMELS-PE)
2000-05-01,15.765,,PISCOt v1.2 (CAMELS-PE)
2000-06-01,15.66,,PISCOt v1.2 (CAMELS-PE)
2000-07-01,15.408,,PISCOt v1.2 (CAMELS-PE)
2000-08-01,16.168,,PISCOt v1.2 (CAMELS-PE)
2000-09-01,16.176,,PISCOt v1.2 (CAMELS-PE)
2000-10-01,16.064,,PISCOt v1.2 (CAMELS-PE)
2000-11-01,15.655,,PISCOt v1.2 (CAMELS-PE)
2000-12-01,15.642,,PISCOt v1.2 (CAMELS-PE)
2001-01-01,15.054,,PISCOt v1.2 (CAMELS-PE)
2001-02-01,15.583,,PISCOt v1.2 (CAMELS-PE)
2001-03-01,15.458,,PISCOt v1.2 (CAMELS-PE)
2001-04-01,15.592,,PISCOt v1.2 (CAMELS-PE)
2001-05-01,15.513,,PISCOt v1.2 (CAMELS-PE)
2001-06-01,15.407,,PISCOt v1.2 (CAMELS-PE)
2001-07-01,15.796,,PISCOt v1.2 (CAMELS-PE)
2001-08-01,16.371,,PISCOt v1.2 (CAMELS-PE)
2001-09-01,16.019,,PISCOt v1.2 (CAMELS-PE)
2001-10-01,16.603,,PISCOt v1.2 (CAMELS-PE)
2001-11-01,15.854,,PISCOt v1.2 (CAMELS-PE)
2001-12-01,16.54,,PISCOt v1.2 (CAMELS-PE)
2002-01-01,16.412,,PISCOt v1.2 (CAMELS-PE)
2002-02-01,16.212,,PISCOt v1.2 (CAMELS-PE)
2002-03-01,16.28,,PISCOt v1.2 (CAMELS-PE)
2002-04-01,15.876,,PISCOt v1.2 (CAMELS-PE)
2002-05-01,16.183,,PISCOt v1.2 (CAMELS-PE)
2002-06-01,16.001,,PISCOt v1.2 (CAMELS-PE)
2002-07-01,16.159,,PISCOt v1.2 (CAMELS-PE)
2002-08-01,16.468,,PISCOt v1.2 (CAMELS-PE)
2002-09-01,16.673,,PISCOt v1.2 (CAMELS-PE)
2002-10-01,16.163,,PISCOt v1.2 (CAMELS-PE)
2002-11-01,16.137,,PISCOt v1.2 (CAMELS-PE)
2002-12-01,16.581,,PISCOt v1.2 (CAMELS-PE)
2003-01-01,16.628,,PISCOt v1.2 (CAMELS-PE)
2003-02-01,16.513,,PISCOt v1.2 (CAMELS-PE)
2003-03-01,16.206,,PISCOt v1.2 (CAMELS-PE)
2003-04-01,16.277,,PISCOt v1.2 (CAMELS-PE)
2003-05-01,16.128,,PISCOt v1.2 (CAMELS-PE)
2003-06-01,15.862,,PISCOt v1.2 (CAMELS-PE)
2003-07-01,15.81,,PISCOt v1.2 (CAMELS-PE)
2003-08-01,16.173,,PISCOt v1.2 (CAMELS-PE)
2003-09-01,16.596,,PISCOt v1.2 (CAMELS-PE)
2003-10-01,16.533,,PISCOt v1.2 (CAMELS-PE)
2003-11-01,16.392,,PISCOt v1.2 (CAMELS-PE)
2003-12-01,15.995,,PISCOt v1.2 (CAMELS-PE)
2004-01-01,16.145,,PISCOt v1.2 (CAMELS-PE)
2004-02-01,16.208,,PISCOt v1.2 (CAMELS-PE)
2004-03-01,16.603,,PISCOt v1.2 (CAMELS-PE)
2004-04-01,16.104,,PISCOt v1.2 (CAMELS-PE)
2004-05-01,16.319,,PISCOt v1.2 (CAMELS-PE)
2004-06-01,16.108,,PISCOt v1.2 (CAMELS-PE)
2004-07-01,15.711,,PISCOt v1.2 (CAMELS-PE)
2004-08-01,16.326,,PISCOt v1.2 (CAMELS-PE)
2004-09-01,16.408,,PISCOt v1.2 (CAMELS-PE)
2004-10-01,16.217,,PISCOt v1.2 (CAMELS-PE)
2004-11-01,16.106,,PISCOt v1.2 (CAMELS-PE)
2004-12-01,16.166,,PISCOt v1.2 (CAMELS-PE)
2005-01-01,16.247,,PISCOt v1.2 (CAMELS-PE)
2005-02-01,16.749,,PISCOt v1.2 (CAMELS-PE)
2005-03-01,16.192,,PISCOt v1.2 (CAMELS-PE)
2005-04-01,16.721,,PISCOt v1.2 (CAMELS-PE)
2005-05-01,16.179,,PISCOt v1.2 (CAMELS-PE)
2005-06-01,16.35,,PISCOt v1.2 (CAMELS-PE)
2005-07-01,16.108,,PISCOt v1.2 (CAMELS-PE)
2005-08-01,16.437,,PISCOt v1.2 (CAMELS-PE)
2005-09-01,16.652,,PISCOt v1.2 (CAMELS-PE)
2005-10-01,16.02,,PISCOt v1.2 (CAMELS-PE)
2005-11-01,15.849,,PISCOt v1.2 (CAMELS-PE)
2005-12-01,15.64,,PISCOt v1.2 (CAMELS-PE)
2006-01-01,15.96,,PISCOt v1.2 (CAMELS-PE)
2006-02-01,16.172,,PISCOt v1.2 (CAMELS-PE)
2006-03-01,15.837,,PISCOt v1.2 (CAMELS-PE)
2006-04-01,15.744,,PISCOt v1.2 (CAMELS-PE)
2006-05-01,15.576,,PISCOt v1.2 (CAMELS-PE)
2006-06-01,15.985,,PISCOt v1.2 (CAMELS-PE)
2006-07-01,16.122,,PISCOt v1.2 (CAMELS-PE)
2006-08-01,16.636,,PISCOt v1.2 (CAMELS-PE)
2006-09-01,16.767,,PISCOt v1.2 (CAMELS-PE)
2006-10-01,16.515,,PISCOt v1.2 (CAMELS-PE)
2006-11-01,16.023,,PISCOt v1.2 (CAMELS-PE)
2006-12-01,16.494,,PISCOt v1.2 (CAMELS-PE)
2007-01-01,16.903,,PISCOt v1.2 (CAMELS-PE)
2007-02-01,16.214,,PISCOt v1.2 (CAMELS-PE)
2007-03-01,16.068,,PISCOt v1.2 (CAMELS-PE)
2007-04-01,15.874,,PISCOt v1.2 (CAMELS-PE)
2007-05-01,16.022,,PISCOt v1.2 (CAMELS-PE)
2007-06-01,15.887,,PISCOt v1.2 (CAMELS-PE)
2007-07-01,15.984,,PISCOt v1.2 (CAMELS-PE)
2007-08-01,15.885,,PISCOt v1.2 (CAMELS-PE)
2007-09-01,16.245,,PISCOt v1.2 (CAMELS-PE)
2007-10-01,15.769,,PISCOt v1.2 (CAMELS-PE)
2007-11-01,15.999,,PISCOt v1.2 (CAMELS-PE)
2007-12-01,15.558,,PISCOt v1.2 (CAMELS-PE)
2008-01-01,15.458,,PISCOt v1.2 (CAMELS-PE)
2008-02-01,15.559,,PISCOt v1.2 (CAMELS-PE)
2008-03-01,15.499,,PISCOt v1.2 (CAMELS-PE)
2008-04-01,15.685,,PISCOt v1.2 (CAMELS-PE)
2008-05-01,15.604,,PISCOt v1.2 (CAMELS-PE)
2008-06-01,15.679,,PISCOt v1.2 (CAMELS-PE)
2008-07-01,15.78,,PISCOt v1.2 (CAMELS-PE)
2008-08-01,16.253,,PISCOt v1.2 (CAMELS-PE)
2008-09-01,16.617,,PISCOt v1.2 (CAMELS-PE)
2008-10-01,16.068,,PISCOt v1.2 (CAMELS-PE)
2008-11-01,15.988,,PISCOt v1.2 (CAMELS-PE)
2008-12-01,15.754,,PISCOt v1.2 (CAMELS-PE)
2009-01-01,15.798,,PISCOt v1.2 (CAMELS-PE)
2009-02-01,15.68,,PISCOt v1.2 (CAMELS-PE)
2009-03-01,15.764,,PISCOt v1.2 (CAMELS-PE)
2009-04-01,15.903,,PISCOt v1.2 (CAMELS-PE)
2009-05-01,15.913,,PISCOt v1.2 (CAMELS-PE)
2009-06-01,16.161,,PISCOt v1.2 (CAMELS-PE)
2009-07-01,16.325,,PISCOt v1.2 (CAMELS-PE)
2009-08-01,16.812,,PISCOt v1.2 (CAMELS-PE)
2009-09-01,17.098,,PISCOt v1.2 (CAMELS-PE)
2009-10-01,16.78,,PISCOt v1.2 (CAMELS-PE)
2009-11-01,16.146,,PISCOt v1.2 (CAMELS-PE)
2009-12-01,16.442,,PISCOt v1.2 (CAMELS-PE)
2010-01-01,16.76,,PISCOt v1.2 (CAMELS-PE)
2010-02-01,17.074,,PISCOt v1.2 (CAMELS-PE)
2010-03-01,17.047,,PISCOt v1.2 (CAMELS-PE)
2010-04-01,16.891,,PISCOt v1.2 (CAMELS-PE)
2010-05-01,16.55,,PISCOt v1.2 (CAMELS-PE)
2010-06-01,16.267,,PISCOt v1.2 (CAMELS-PE)
2010-07-01,16.024,,PISCOt v1.2 (CAMELS-PE)
2010-08-01,16.237,,PISCOt v1.2 (CAMELS-PE)
2010-09-01,16.293,,PISCOt v1.2 (CAMELS-PE)
2010-10-01,16.026,,PISCOt v1.2 (CAMELS-PE)
2010-11-01,15.475,,PISCOt v1.2 (CAMELS-PE)
2010-12-01,15.534,,PISCOt v1.2 (CAMELS-PE)
2011-01-01,15.567,,PISCOt v1.2 (CAMELS-PE)
2011-02-01,15.436,,PISCOt v1.2 (CAMELS-PE)
2011-03-01,15.499,,PISCOt v1.2 (CAMELS-PE)
2011-04-01,15.67,,PISCOt v1.2 (CAMELS-PE)
2011-05-01,15.857,,PISCOt v1.2 (CAMELS-PE)
2011-06-01,16.144,,PISCOt v1.2 (CAMELS-PE)
2011-07-01,15.92,,PISCOt v1.2 (CAMELS-PE)
2011-08-01,16.379,,PISCOt v1.2 (CAMELS-PE)
2011-09-01,16.349,,PISCOt v1.2 (CAMELS-PE)
2011-10-01,15.627,,PISCOt v1.2 (CAMELS-PE)
2011-11-01,15.959,,PISCOt v1.2 (CAMELS-PE)
2011-12-01,15.816,,PISCOt v1.2 (CAMELS-PE)
2012-01-01,15.689,,PISCOt v1.2 (CAMELS-PE)
2012-02-01,15.346,,PISCOt v1.2 (CAMELS-PE)
2012-03-01,15.834,,PISCOt v1.2 (CAMELS-PE)
2012-04-01,15.718,,PISCOt v1.2 (CAMELS-PE)
2012-05-01,16.106,,PISCOt v1.2 (CAMELS-PE)
2012-06-01,15.843,,PISCOt v1.2 (CAMELS-PE)
2012-07-01,16.183,,PISCOt v1.2 (CAMELS-PE)
2012-08-01,16.395,,PISCOt v1.2 (CAMELS-PE)
2012-09-01,16.732,,PISCOt v1.2 (CAMELS-PE)
2012-10-01,16.354,,PISCOt v1.2 (CAMELS-PE)
2012-11-01,16.141,,PISCOt v1.2 (CAMELS-PE)
2012-12-01,15.767,,PISCOt v1.2 (CAMELS-PE)
2013-01-01,16.47,,PISCOt v1.2 (CAMELS-PE)
2013-02-01,16.079,,PISCOt v1.2 (CAMELS-PE)
2013-03-01,16.322,,PISCOt v1.2 (CAMELS-PE)
2013-04-01,16.515,,PISCOt v1.2 (CAMELS-PE)
2013-05-01,15.758,,PISCOt v1.2 (CAMELS-PE)
2013-06-01,15.98,,PISCOt v1.2 (CAMELS-PE)
2013-07-01,15.702,,PISCOt v1.2 (CAMELS-PE)
2013-08-01,16.356,,PISCOt v1.2 (CAMELS-PE)
2013-09-01,16.604,,PISCOt v1.2 (CAMELS-PE)
2013-10-01,16.188,,PISCOt v1.2 (CAMELS-PE)
2013-11-01,15.52,,PISCOt v1.2 (CAMELS-PE)
2013-12-01,15.982,,PISCOt v1.2 (CAMELS-PE)
2014-01-01,16.138,,PISCOt v1.2 (CAMELS-PE)
2014-02-01,16.49,,PISCOt v1.2 (CAMELS-PE)
2014-03-01,16.079,,PISCOt v1.2 (CAMELS-PE)
2014-04-01,16.188,,PISCOt v1.2 (CAMELS-PE)
2014-05-01,16.399,,PISCOt v1.2 (CAMELS-PE)
2014-06-01,16.612,,PISCOt v1.2 (CAMELS-PE)
2014-07-01,16.764,,PISCOt v1.2 (CAMELS-PE)
2014-08-01,16.27,,PISCOt v1.2 (CAMELS-PE)
2014-09-01,16.604,,PISCOt v1.2 (CAMELS-PE)
2014-10-01,16.382,,PISCOt v1.2 (CAMELS-PE)
2014-11-01,16.236,,PISCOt v1.2 (CAMELS-PE)
2014-12-01,16.478,,PISCOt v1.2 (CAMELS-PE)
2015-01-01,16.146,,PISCOt v1.2 (CAMELS-PE)
2015-02-01,16.194,,PISCOt v1.2 (CAMELS-PE)
2015-03-01,16.045,,PISCOt v1.2 (CAMELS-PE)
2015-04-01,16.088,,PISCOt v1.2 (CAMELS-PE)
2015-05-01,16.634,,PISCOt v1.2 (CAMELS-PE)
2015-06-01,17.045,,PISCOt v1.2 (CAMELS-PE)
2015-07-01,16.685,,PISCOt v1.2 (CAMELS-PE)
2015-08-01,16.962,,PISCOt v1.2 (CAMELS-PE)
2015-09-01,17.66,,PISCOt v1.2 (CAMELS-PE)
2015-10-01,17.211,,PISCOt v1.2 (CAMELS-PE)
2015-11-01,16.94,,PISCOt v1.2 (CAMELS-PE)
2015-12-01,17.661,,PISCOt v1.2 (CAMELS-PE)
2016-01-01,17.752,,PISCOt v1.2 (CAMELS-PE)
2016-02-01,17.6,,PISCOt v1.2 (CAMELS-PE)
2016-03-01,17.434,,PISCOt v1.2 (CAMELS-PE)
2016-04-01,17.125,,PISCOt v1.2 (CAMELS-PE)
2016-05-01,17.014,,PISCOt v1.2 (CAMELS-PE)
2016-06-01,16.284,,PISCOt v1.2 (CAMELS-PE)
2016-07-01,16.168,,PISCOt v1.2 (CAMELS-PE)
2016-08-01,16.941,,PISCOt v1.2 (CAMELS-PE)
2016-09-01,17.105,,PISCOt v1.2 (CAMELS-PE)
2016-10-01,16.644,,PISCOt v1.2 (CAMELS-PE)
2016-11-01,16.443,,PISCOt v1.2 (CAMELS-PE)
2016-12-01,16.558,,PISCOt v1.2 (CAMELS-PE)
2017-01-01,16.016,,PISCOt v1.2 (CAMELS-PE)
2017-02-01,16.185,,PISCOt v1.2 (CAMELS-PE)
2017-03-01,16.111,,PISCOt v1.2 (CAMELS-PE)
2017-04-01,16.36,,PISCOt v1.2 (CAMELS-PE)
2017-05-01,16.208,,PISCOt v1.2 (CAMELS-PE)
2017-06-01,15.965,,PISCOt v1.2 (CAMELS-PE)
2017-07-01,16.161,,PISCOt v1.2 (CAMELS-PE)
2017-08-01,16.539,,PISCOt v1.2 (CAMELS-PE)
2017-09-01,16.8,,PISCOt v1.2 (CAMELS-PE)
2017-10-01,16.734,,PISCOt v1.2 (CAMELS-PE)
2017-11-01,16.131,,PISCOt v1.2 (CAMELS-PE)
2017-12-01,16.35,,PISCOt v1.2 (CAMELS-PE)
2018-01-01,15.727,,PISCOt v1.2 (CAMELS-PE)
2018-02-01,16.174,,PISCOt v1.2 (CAMELS-PE)
2018-03-01,16.123,,PISCOt v1.2 (CAMELS-PE)
2018-04-01,15.845,,PISCOt v1.2 (CAMELS-PE)
2018-05-01,16.032,,PISCOt v1.2 (CAMELS-PE)
2018-06-01,15.698,,PISCOt v1.2 (CAMELS-PE)
2018-07-01,15.948,,PISCOt v1.2 (CAMELS-PE)
2018-08-01,16.573,,PISCOt v1.2 (CAMELS-PE)
2018-09-01,16.773,,PISCOt v1.2 (CAMELS-PE)
2018-10-01,16.27,,PISCOt v1.2 (CAMELS-PE)
2018-11-01,16.486,,PISCOt v1.2 (CAMELS-PE)
2018-12-01,16.437,,PISCOt v1.2 (CAMELS-PE)
2019-01-01,16.756,,PISCOt v1.2 (CAMELS-PE)
2019-02-01,16.679,,PISCOt v1.2 (CAMELS-PE)
2019-03-01,16.695,,PISCOt v1.2 (CAMELS-PE)
2019-04-01,16.473,,PISCOt v1.2 (CAMELS-PE)
2019-05-01,16.488,,PISCOt v1.2 (CAMELS-PE)
2019-06-01,16.772,,PISCOt v1.2 (CAMELS-PE)
2019-07-01,16.454,,PISCOt v1.2 (CAMELS-PE)
2019-08-01,16.649,,PISCOt v1.2 (CAMELS-PE)
2019-09-01,16.825,,PISCOt v1.2 (CAMELS-PE)
2019-10-01,16.34,,PISCOt v1.2 (CAMELS-PE)
2019-11-01,16.324,,PISCOt v1.2 (CAMELS-PE)
2019-12-01,16.6,,PISCOt v1.2 (CAMELS-PE)
2020-01-01,16.872,,PISCOt v1.2 (CAMELS-PE)
2020-02-01,17.138,,PISCOt v1.2 (CAMELS-PE)
2020-03-01,16.782,,PISCOt v1.2 (CAMELS-PE)
2020-04-01,16.798,,PISCOt v1.2 (CAMELS-PE)
2020-05-01,17.181,,PISCOt v1.2 (CAMELS-PE)
2020-06-01,16.552,,PISCOt v1.2 (CAMELS-PE)
2020-07-01,16.38,,PISCOt v1.2 (CAMELS-PE)
2020-08-01,16.623,,PISCOt v1.2 (CAMELS-PE)
2020-09-01,16.712,,PISCOt v1.2 (CAMELS-PE)
2020-10-01,16.684,,PISCOt v1.2 (CAMELS-PE)
2020-11-01,16.475,,PISCOt v1.2 (CAMELS-PE)
2020-12-01,15.972,,PISCOt v1.2 (CAMELS-PE)
2021-01-01,,15.799,estimada: ERA5-Land + sesgo mensual 1998-2020
2021-02-01,,16.361,estimada: ERA5-Land + sesgo mensual 1998-2020
2021-03-01,,15.54,estimada: ERA5-Land + sesgo mensual 1998-2020
2021-04-01,,16.209,estimada: ERA5-Land + sesgo mensual 1998-2020
2021-05-01,,16.109,estimada: ERA5-Land + sesgo mensual 1998-2020
2021-06-01,,15.973,estimada: ERA5-Land + sesgo mensual 1998-2020
2021-07-01,,16.193,estimada: ERA5-Land + sesgo mensual 1998-2020
2021-08-01,,16.383,estimada: ERA5-Land + sesgo mensual 1998-2020
2021-09-01,,16.524,estimada: ERA5-Land + sesgo mensual 1998-2020
2021-10-01,,16.463,estimada: ERA5-Land + sesgo mensual 1998-2020
2021-11-01,,15.957,estimada: ERA5-Land + sesgo mensual 1998-2020
2021-12-01,,16.228,estimada: ERA5-Land + sesgo mensual 1998-2020
2022-01-01,,16.0,estimada: ERA5-Land + sesgo mensual 1998-2020
2022-02-01,,15.597,estimada: ERA5-Land + sesgo mensual 1998-2020
2022-03-01,,15.599,estimada: ERA5-Land + sesgo mensual 1998-2020
2022-04-01,,15.975,estimada: ERA5-Land + sesgo mensual 1998-2020
2022-05-01,,16.122,estimada: ERA5-Land + sesgo mensual 1998-2020
2022-06-01,,15.376,estimada: ERA5-Land + sesgo mensual 1998-2020
2022-07-01,,16.158,estimada: ERA5-Land + sesgo mensual 1998-2020
2022-08-01,,16.037,estimada: ERA5-Land + sesgo mensual 1998-2020
2022-09-01,,16.578,estimada: ERA5-Land + sesgo mensual 1998-2020
2022-10-01,,16.347,estimada: ERA5-Land + sesgo mensual 1998-2020
2022-11-01,,16.59,estimada: ERA5-Land + sesgo mensual 1998-2020
2022-12-01,,15.948,estimada: ERA5-Land + sesgo mensual 1998-2020
2023-01-01,,15.609,estimada: ERA5-Land + sesgo mensual 1998-2020
2023-02-01,,16.131,estimada: ERA5-Land + sesgo mensual 1998-2020
2023-03-01,,15.889,estimada: ERA5-Land + sesgo mensual 1998-2020
2023-04-01,,15.818,estimada: ERA5-Land + sesgo mensual 1998-2020
2023-05-01,,16.78,estimada: ERA5-Land + sesgo mensual 1998-2020
2023-06-01,,16.355,estimada: ERA5-Land + sesgo mensual 1998-2020
2023-07-01,,17.074,estimada: ERA5-Land + sesgo mensual 1998-2020
2023-08-01,,17.115,estimada: ERA5-Land + sesgo mensual 1998-2020
2023-09-01,,18.042,estimada: ERA5-Land + sesgo mensual 1998-2020
2023-10-01,,17.002,estimada: ERA5-Land + sesgo mensual 1998-2020
2023-11-01,,16.891,estimada: ERA5-Land + sesgo mensual 1998-2020
2023-12-01,,17.261,estimada: ERA5-Land + sesgo mensual 1998-2020
2024-01-01,,17.545,estimada: ERA5-Land + sesgo mensual 1998-2020
2024-02-01,,17.501,estimada: ERA5-Land + sesgo mensual 1998-2020
2024-03-01,,17.577,estimada: ERA5-Land + sesgo mensual 1998-2020
2024-04-01,,16.869,estimada: ERA5-Land + sesgo mensual 1998-2020
2024-05-01,,17.314,estimada: ERA5-Land + sesgo mensual 1998-2020
2024-06-01,,16.686,estimada: ERA5-Land + sesgo mensual 1998-2020
2024-07-01,,16.831,estimada: ERA5-Land + sesgo mensual 1998-2020
2024-08-01,,17.176,estimada: ERA5-Land + sesgo mensual 1998-2020
2024-09-01,,18.164,estimada: ERA5-Land + sesgo mensual 1998-2020
2024-10-01,,17.246,estimada: ERA5-Land + sesgo mensual 1998-2020
2024-11-01,,16.317,estimada: ERA5-Land + sesgo mensual 1998-2020
2024-12-01,,16.457,estimada: ERA5-Land + sesgo mensual 1998-2020
2025-01-01,,15.892,estimada: ERA5-Land + sesgo mensual 1998-2020
2025-02-01,,15.975,estimada: ERA5-Land + sesgo mensual 1998-2020
2025-03-01,,16.326,estimada: ERA5-Land + sesgo mensual 1998-2020
2025-04-01,,16.334,estimada: ERA5-Land + sesgo mensual 1998-2020
2025-05-01,,16.553,estimada: ERA5-Land + sesgo mensual 1998-2020
2025-06-01,,16.385,estimada: ERA5-Land + sesgo mensual 1998-2020
2025-07-01,,16.509,estimada: ERA5-Land + sesgo mensual 1998-2020
2025-08-01,,17.05,estimada: ERA5-Land + sesgo mensual 1998-2020
