nom,cate,lat,lon,ico,cod,cod_old,estado,en_cuenca
CASCABAMBA,HLM,-7.38332,-78.73377,H,201301,201301,DIFERIDO,False
SINSICAP,PLU,-7.85021,-78.75503,M,107059,153206,DIFERIDO,False
PUENTE COINA,HLM,-7.79636,-78.38012,H,211004,211004,DIFERIDO,True
QUIRUVILCA,PLU,-8.00422,-78.30791,M,108044,154102,DIFERIDO,False
EL TAMBO,HLM,-7.57398,-78.70655,H,211003,211003,DIFERIDO,True
COSPAN,CO,-7.42857,-78.54106,M,100037,,REAL,True
CACHACHI,PE,-7.45106,-78.26855,M,107068,,REAL,False
CALLANCAS,CO,-7.76747,-78.47727,M,107054,,REAL,True
SALPO,CO,-8.00535,-78.6071,M,108001,,REAL,False
CASCABAMBA,EMA,-7.38407,-78.72682,M,472C92CA,,AUTOMATICA,False
CALLANCAS,EMA,-7.7675,-78.47729,M,472D8346,,AUTOMATICA,True
LA FORTUNA,EMA,-7.67042,-78.40242,M,107131,,AUTOMATICA,True
USQUIL,EMA,-7.8186,-78.41497,M,472D60B4,,AUTOMATICA,True
PUENTE COINA,EHMA,-7.79636,-78.38012,H,472E74CC,,AUTOMATICA,True
CAPACHIQUE,EMA,-7.85642,-78.31184,M,472EB1D2,,AUTOMATICA,True
QUIRUVILCA,EMA,-8.00419,-78.3079,M,4727319A,,AUTOMATICA,False
LUCMA,EMA,-7.64333,-78.55135,M,472D552E,,AUTOMATICA,True
EL TAMBO,EHMA,-7.57398,-78.70655,H,47E0A2A8,,AUTOMATICA,True
MARMOT,EMA,-7.7635,-78.66725,M,472CC2B6,,AUTOMATICA,True
