,valor
p_mean,2.144
pet_mean,3.654
aridity,1.705
p_seasonality,-0.86
high_prec_freq,13.361
high_prec_dur,1.629
high_prec_timing,MAM
low_prec_freq,208.75
low_prec_dur,8.059
low_prec_timing,JJA
geol_class_1st,sm
geol_class_1st_perc,79.32
geol_class_2nd,sc
geol_class_2nd_perc,9.33
inter_volca_rocks_perc,4.3
geol_porosity,0.161
geol_permeability,-14.594
surface_adh_n,2
surface_adh_vol,0.008
surface_adh_use,Domestic
groundwater_adh_n,17
groundwater_adh_vol,0.064
groundwater_adh_use,Domestic
reservoir_n,1
reservoir_vol,
reservoir_use,Mining
q_mean,0.956
runoff_ratio,0.446
stream_elas,1.574
baseflow_index,0.488
slope_fdc,1.985
hfd_mean,204.703
Q5,0.051
Q95,3.184
high_q_freq,21.694
high_q_dur,14.231
low_q_freq,130.444
low_q_dur,23.74
zero_q_freq,0
agricul_perc,44.071
forest_perc,14.995
non_veget_perc,2.508
non_woody_perc,38.425
water_perc,0.0
non_forest_perc,0.0
non_identi_perc,0.0
land_dominant_class,agricul_perc_perc
inceptisols_perc,37.74
entisols_perc,3.85
alfisols_perc,6.91
ultisols_perc,51.22
aridisols_perc,0.04
gelisols_perc,0.02
oxisols_perc,0.21
mollisols_perc,0.0
vertisols_perc,0.01
soil_dominant_class,ultisols_perc
area,2171.585
perimeter,970.999
elev_min,678.23
elev_max,4317.3
elev_mean,2557.162
elev_median,2584.029
slope_mean,17.751
