anio_hidrologico,P_L_anom_total_mm,P_L_anom_dic_abr_mm,P_I_anom_total_mm,P_I_anom_dic_abr_mm,R_anom_total_mm,R_anom_dic_abr_mm,T_anom_media_C
1998-99,86.43,67.55,144.34,78.16,,4.78,-0.54
1999-00,45.38,10.37,117.53,71.74,280.81,217.17,-0.73
2000-01,155.14,189.65,154.97,179.48,,135.89,-0.57
2001-02,-41.46,-45.56,-59.05,-56.06,-36.57,-32.2,-0.05
2002-03,-189.63,-241.71,-27.78,-86.41,-169.62,-142.22,-0.0
2003-04,-334.38,-280.18,-149.99,-132.55,,-211.6,-0.01
2004-05,-198.18,-190.3,-3.82,-15.48,,-148.5,0.06
2005-06,67.82,113.78,20.53,33.89,,-40.98,-0.25
2006-07,-24.2,-12.86,-2.2,16.12,-73.29,-58.61,-0.05
2007-08,86.19,59.16,85.85,41.89,45.84,36.14,-0.51
2008-09,120.2,74.97,70.04,51.76,70.81,44.02,-0.2
2009-10,-35.37,-74.16,-95.85,-110.61,-92.08,-97.53,0.34
2010-11,-175.11,-123.32,-143.46,-76.63,-162.11,-153.36,-0.45
2011-12,93.07,132.7,40.3,66.26,-15.89,-22.02,-0.36
2012-13,49.43,-4.17,-34.94,-90.07,-49.99,-41.46,-0.09
2013-14,-160.69,-161.0,-15.2,-6.47,-158.75,-152.3,0.0
2014-15,-10.81,-22.46,104.52,66.98,-18.02,-27.42,0.19
2015-16,-198.49,-177.57,-77.29,-50.63,,-142.7,0.88
2016-17,116.08,160.03,56.41,57.48,470.5,411.53,0.09
2017-18,-192.77,-181.24,140.02,96.82,-132.74,-152.08,-0.09
2018-19,2.34,16.47,-49.42,-39.34,,,0.31
2019-20,-252.81,-254.58,-119.22,-139.97,,-164.67,0.43
2020-21,30.93,37.51,-161.27,-110.05,,,-0.07
2021-22,-6.38,-84.62,-16.33,-40.06,,-106.53,-0.26
2022-23,132.35,192.95,-132.28,-60.16,,-14.51,0.09
2023-24,-7.9,-79.92,-160.93,-106.22,,-81.74,0.96
2024-25,199.42,226.03,80.56,111.42,-18.8,-27.78,0.33
