anio,P_L_anom_total_mm,P_L_anom_ene_abr_mm,P_I_anom_total_mm,P_I_anom_ene_abr_mm,R_anom_total_mm,R_anom_ene_abr_mm,T_anom_media_C
1998,579.63,652.49,242.42,248.72,,,0.49
1999,144.76,109.85,172.77,89.7,29.75,9.01,-0.73
2000,52.96,12.73,109.78,66.58,,213.33,-0.65
2001,158.62,160.96,137.52,137.66,136.82,134.35,-0.45
2002,10.44,-27.36,-0.92,-61.99,-30.18,-37.36,-0.0
2003,-293.25,-239.62,-117.28,-104.21,-204.48,-151.38,-0.01
2004,-266.96,-278.94,-83.4,-133.93,,-204.5,-0.06
2005,-274.4,-186.15,-60.72,-24.37,,-153.65,-0.0
2006,135.11,124.44,30.0,32.57,-67.61,-31.86,-0.11
2007,-34.54,-31.89,24.37,10.11,-60.9,-54.41,-0.23
2008,58.76,94.15,60.84,65.4,56.15,37.25,-0.44
2009,181.8,143.02,58.5,87.11,72.47,43.74,-0.03
2010,-123.99,-69.74,-131.44,-93.07,-114.21,-107.26,0.08
2011,-125.18,-97.47,-123.59,-66.86,-167.61,-147.45,-0.41
2012,119.36,97.47,64.99,73.87,6.36,-16.31,-0.26
2013,4.11,11.74,-41.59,-66.17,-64.95,-43.68,-0.14
2014,-131.57,-154.42,23.01,3.28,-161.42,-147.48,0.12
2015,-22.66,-29.12,57.07,60.1,,-23.63,0.51
2016,-280.32,-169.64,-95.06,-35.58,-185.61,-138.07,0.66
2017,162.27,181.8,121.09,61.2,493.57,420.76,0.03
2018,-163.72,-161.72,104.59,78.31,,-149.2,-0.09
2019,61.71,19.81,-18.32,-38.0,,,0.32
2020,-265.79,-298.49,-172.29,-166.13,,-164.08,0.41
2021,57.88,-26.81,-133.74,-124.41,,-63.73,-0.12
2022,-133.49,-71.46,-90.09,-33.44,,-110.34,-0.24
2023,365.84,203.38,-73.53,-31.29,37.16,-10.05,0.4
2024,-183.4,-166.52,-160.32,-131.28,,-114.48,0.87
