variable,unidades,mes,mes_nombre,n_anios_validos,n_anios_periodo,media,mediana,desv_est,Q1,Q3,P10,P90,minimo,maximo,n_anios_estimados
P_L,mm/mes,1,Ene,28,28,101.74,92.127,54.467,66.584,124.596,51.605,152.613,31.391,281.299,
P_L,mm/mes,2,Feb,28,28,159.28,148.801,82.962,102.872,189.674,70.915,246.244,51.737,381.353,
P_L,mm/mes,3,Mar,28,28,213.239,204.058,90.0,132.958,253.683,110.319,342.213,85.59,414.471,
P_L,mm/mes,4,Abr,28,28,116.3,110.767,34.898,92.234,138.064,71.682,165.876,63.098,199.705,
P_L,mm/mes,5,May,28,28,28.242,26.405,14.483,20.989,34.864,9.399,49.042,5.077,56.98,
P_L,mm/mes,6,Jun,28,28,8.842,6.508,6.229,4.691,13.451,2.425,17.948,1.294,23.566,
P_L,mm/mes,7,Jul,28,28,3.25,2.867,2.666,0.868,4.366,0.466,6.711,0.175,10.883,
P_L,mm/mes,8,Ago,28,28,3.33,2.218,2.996,1.266,4.64,0.646,6.833,0.312,12.066,
P_L,mm/mes,9,Sep,27,27,19.65,18.951,10.774,11.051,23.539,8.153,33.222,5.591,51.913,
P_L,mm/mes,10,Oct,27,27,49.43,38.255,27.039,26.412,68.208,21.322,81.45,16.333,111.028,
P_L,mm/mes,11,Nov,27,27,47.246,46.831,24.569,27.643,67.233,13.392,75.635,8.068,97.618,
P_L,mm/mes,12,Dic,27,27,90.039,85.622,32.32,72.984,102.886,60.536,128.739,21.996,176.641,
P_I,mm/mes,1,Ene,28,28,71.637,60.135,39.55,40.224,84.932,35.141,136.109,25.818,171.264,
P_I,mm/mes,2,Feb,28,28,83.94,69.058,44.479,56.384,104.336,36.66,146.622,26.238,217.326,
P_I,mm/mes,3,Mar,28,28,135.126,131.618,45.031,108.732,149.834,81.637,192.68,64.044,265.02,
P_I,mm/mes,4,Abr,28,28,57.956,55.674,18.061,44.59,66.164,37.346,85.15,29.371,98.59,
P_I,mm/mes,5,May,28,28,23.936,19.887,13.555,13.517,30.573,10.212,50.07,5.973,51.566,
P_I,mm/mes,6,Jun,28,28,11.343,9.48,6.431,6.306,15.488,5.054,20.703,2.399,27.918,
P_I,mm/mes,7,Jul,28,28,8.195,5.699,9.416,4.215,8.011,3.002,12.983,1.966,52.405,
P_I,mm/mes,8,Ago,28,28,6.266,4.634,3.855,3.346,8.308,2.733,12.145,2.294,15.209,
P_I,mm/mes,9,Sep,27,27,17.908,13.538,13.406,11.034,19.109,8.115,35.811,4.558,58.813,
P_I,mm/mes,10,Oct,27,27,39.553,36.67,20.059,21.283,54.511,16.024,65.569,12.409,75.503,
P_I,mm/mes,11,Nov,27,27,37.929,33.774,18.946,25.575,47.628,17.843,61.421,7.945,82.609,
P_I,mm/mes,12,Dic,27,27,48.752,50.067,18.156,38.094,60.379,25.089,69.883,13.398,90.566,
Q,m³/s,1,Ene,27,28,21.44,16.054,26.967,8.636,23.996,6.768,31.903,3.766,144.778,
Q,m³/s,2,Feb,26,28,35.235,29.211,22.963,19.173,46.042,14.015,57.376,12.886,114.345,
Q,m³/s,3,Mar,28,28,86.131,51.181,122.837,38.68,91.115,24.205,119.528,17.135,678.263,
Q,m³/s,4,Abr,28,28,90.086,70.255,82.709,46.298,99.293,33.08,134.534,24.355,450.747,
Q,m³/s,5,May,28,28,34.581,35.836,13.835,25.282,41.611,18.428,49.486,8.248,73.662,
Q,m³/s,6,Jun,27,28,15.17,15.4,6.929,10.534,18.801,7.172,20.86,3.742,36.942,
Q,m³/s,7,Jul,24,28,8.222,7.85,3.528,5.778,10.34,4.62,11.853,1.993,19.056,
Q,m³/s,8,Ago,24,28,4.314,4.381,1.963,2.733,5.41,2.227,6.39,0.643,9.718,
Q,m³/s,9,Sep,20,27,3.12,2.928,1.715,2.024,4.039,1.376,5.554,0.386,6.432,
Q,m³/s,10,Oct,24,27,3.267,2.892,2.295,1.539,3.84,1.215,6.075,0.822,9.922,
Q,m³/s,11,Nov,23,27,5.397,5.018,4.06,1.868,8.383,0.959,11.904,0.85,12.533,
Q,m³/s,12,Dic,26,27,7.932,6.162,6.826,4.216,10.703,2.656,13.739,0.452,34.476,
R,mm/mes,1,Ene,27,28,26.444,19.801,33.261,10.652,29.596,8.347,39.349,4.645,178.567,
R,mm/mes,2,Feb,26,28,39.619,32.542,25.788,21.553,51.754,15.892,63.918,14.355,127.383,
R,mm/mes,3,Mar,28,28,106.233,63.125,151.506,47.707,112.38,29.854,147.425,21.134,836.56,
R,mm/mes,4,Abr,28,28,107.526,83.856,98.721,55.261,118.516,39.485,160.58,29.07,538.011,
R,mm/mes,5,May,28,28,42.652,44.2,17.064,31.182,51.322,22.729,61.036,10.173,90.853,
R,mm/mes,6,Jun,27,28,18.107,18.381,8.271,12.574,22.441,8.561,24.898,4.467,44.094,
R,mm/mes,7,Jul,24,28,10.141,9.682,4.351,7.126,12.753,5.698,14.619,2.458,23.504,
R,mm/mes,8,Ago,24,28,5.32,5.404,2.422,3.371,6.672,2.747,7.882,0.793,11.986,
R,mm/mes,9,Sep,20,27,3.724,3.495,2.047,2.416,4.821,1.643,6.629,0.461,7.678,
R,mm/mes,10,Oct,24,27,4.029,3.567,2.831,1.898,4.736,1.499,7.493,1.014,12.238,
R,mm/mes,11,Nov,23,27,6.442,5.989,4.846,2.23,10.006,1.145,14.208,1.015,14.959,
R,mm/mes,12,Dic,26,27,9.784,7.6,8.419,5.2,13.2,3.276,16.945,0.558,42.522,
T,°C,1,Ene,28,28,16.202,16.077,0.685,15.764,16.66,15.534,17.063,15.054,17.752,5.0
T,°C,2,Feb,28,28,16.242,16.189,0.688,15.659,16.554,15.409,17.247,15.112,17.6,5.0
T,°C,3,Mar,28,28,16.175,16.095,0.639,15.723,16.395,15.487,17.163,15.25,17.577,5.0
T,°C,4,Abr,28,28,16.185,16.096,0.525,15.8,16.484,15.648,16.876,15.395,17.542,5.0
T,°C,5,May,28,28,16.242,16.154,0.512,15.899,16.551,15.596,17.037,15.377,17.314,5.0
T,°C,6,Jun,28,28,16.103,16.054,0.412,15.857,16.351,15.622,16.634,15.376,17.045,5.0
T,°C,7,Jul,28,28,16.135,16.158,0.414,15.892,16.339,15.708,16.709,15.213,17.074,5.0
T,°C,8,Ago,28,28,16.482,16.416,0.356,16.266,16.639,16.129,16.988,15.71,17.176,5.0
T,°C,9,Sep,27,27,16.723,16.642,0.531,16.466,16.786,16.217,17.327,15.855,18.164,4.0
T,°C,10,Oct,27,27,16.384,16.354,0.427,16.116,16.632,15.92,16.869,15.486,17.246,4.0
T,°C,11,Nov,27,27,16.138,16.131,0.362,15.917,16.358,15.749,16.528,15.475,16.94,4.0
T,°C,12,Dic,27,27,16.189,16.166,0.523,15.773,16.486,15.607,16.589,15.468,17.661,4.0
