anio_hidrologico,mes_max_P_L,mes_max_P_I,mes_max_Q
1998-99,Feb,Feb,
1999-00,Mar,Feb,Mar
2000-01,Mar,Mar,
2001-02,Mar,Mar,Abr
2002-03,Mar,Mar,Mar
2003-04,Feb,Mar,
2004-05,Mar,Mar,
2005-06,Mar,Mar,
2006-07,Mar,Mar,Abr
2007-08,Feb,Mar,Abr
2008-09,Mar,Ene,Abr
2009-10,Feb,Mar,Abr
2010-11,Abr,Mar,Abr
2011-12,Feb,Feb,Feb
2012-13,Mar,Mar,Abr
2013-14,Mar,Mar,Mar
2014-15,Mar,Ene,Abr
2015-16,Feb,Mar,
2016-17,Mar,Mar,Abr
2017-18,Mar,Mar,Abr
2018-19,Feb,Mar,
2019-20,Dic,Dic,
2020-21,Mar,Mar,
2021-22,Mar,Mar,
2022-23,Mar,Mar,
2023-24,Dic,Dic,
2024-25,Feb,Feb,Abr
