variable,mes,n,media,desv_est,asimetria_G1,jackknife_max_cambio_pct,anio_mas_influyente,CV,CV_inestable
P_L,Ene,28,101.74,54.467,1.574,6.537,1998,0.535,False
P_L,Feb,28,159.28,82.962,1.243,5.164,1998,0.521,False
P_L,Mar,28,213.239,90.0,0.569,3.495,1998,0.422,False
P_L,Abr,28,116.3,34.898,0.571,2.656,2011,0.3,False
P_L,May,28,28.242,14.483,0.331,3.769,2000,0.513,False
P_L,Jun,28,8.842,6.229,1.022,6.168,1999,0.704,True
P_L,Jul,28,3.25,2.666,1.029,8.7,2020,0.82,True
P_L,Ago,28,3.33,2.996,1.369,9.718,2021,0.9,True
P_L,Sep,27,19.65,10.774,1.111,6.315,1999,0.548,True
P_L,Oct,27,49.43,27.039,0.779,4.793,2021,0.547,False
P_L,Nov,27,47.246,24.569,0.007,4.101,2002,0.52,False
P_L,Dic,27,90.039,32.32,0.755,3.699,2023,0.359,False
P_I,Ene,28,71.637,39.55,1.126,5.151,2009,0.552,False
P_I,Feb,28,83.94,44.479,1.242,5.885,1999,0.53,False
P_I,Mar,28,135.126,45.031,0.927,3.56,1998,0.333,False
P_I,Abr,28,57.956,18.061,0.593,2.597,2011,0.312,False
P_I,May,28,23.936,13.555,0.92,4.275,2018,0.566,False
P_I,Jun,28,11.343,6.431,0.939,5.412,2013,0.567,True
P_I,Jul,28,8.195,9.416,4.133,19.982,2020,1.149,True
P_I,Ago,28,6.266,3.855,1.084,5.286,2003,0.615,True
P_I,Sep,27,17.908,13.406,1.958,8.785,2014,0.749,False
P_I,Oct,27,39.553,20.059,0.228,3.496,1998,0.507,False
P_I,Nov,27,37.929,18.946,0.844,4.531,2002,0.5,False
P_I,Dic,27,48.752,18.156,0.132,3.299,2000,0.372,False
Q,Ene,27,21.44,26.967,3.978,22.126,1998,1.258,False
Q,Feb,26,35.235,22.963,1.887,8.981,1999,0.652,False
Q,Mar,28,86.131,122.837,4.455,25.462,1998,1.426,False
Q,Abr,28,90.086,82.709,3.38,14.828,2017,0.918,False
Q,May,28,34.581,13.835,0.454,4.186,2000,0.4,False
Q,Jun,27,15.17,6.929,0.85,5.52,2017,0.457,False
Q,Jul,24,8.222,3.528,1.093,5.729,2017,0.429,True
Q,Ago,24,4.314,1.963,0.63,5.447,2017,0.455,True
Q,Sep,20,3.12,1.715,0.587,5.589,1999,0.55,True
Q,Oct,24,3.267,2.295,1.465,8.857,2023,0.702,True
Q,Nov,23,5.397,4.06,0.51,6.009,2002,0.752,True
Q,Dic,26,7.932,6.826,2.488,13.385,2023,0.861,True
R,Ene,27,26.444,33.261,3.978,22.126,1998,1.258,False
R,Feb,26,39.619,25.788,1.859,8.861,1999,0.651,False
R,Mar,28,106.233,151.506,4.455,25.462,1998,1.426,False
R,Abr,28,107.526,98.721,3.38,14.828,2017,0.918,False
R,May,28,42.652,17.064,0.454,4.186,2000,0.4,False
R,Jun,27,18.107,8.271,0.85,5.52,2017,0.457,False
R,Jul,24,10.141,4.351,1.093,5.73,2017,0.429,True
R,Ago,24,5.32,2.422,0.63,5.447,2017,0.455,True
R,Sep,20,3.724,2.047,0.587,5.589,1999,0.55,True
R,Oct,24,4.029,2.831,1.465,8.857,2023,0.702,True
R,Nov,23,6.442,4.846,0.51,6.009,2002,0.752,True
R,Dic,26,9.784,8.419,2.488,13.385,2023,0.861,True
T,Ene,28,16.202,0.685,0.605,0.354,2016,,
T,Feb,28,16.242,0.688,0.448,0.31,2016,,
T,Mar,28,16.175,0.639,0.775,0.321,2024,,
T,Abr,28,16.185,0.525,0.804,0.31,1998,,
T,May,28,16.242,0.512,0.443,0.244,2024,,
T,Jun,28,16.103,0.412,0.25,0.217,2015,,
T,Jul,28,16.135,0.414,0.125,0.216,2023,,
T,Ago,28,16.482,0.356,0.143,0.173,1999,,
T,Sep,27,16.723,0.531,1.323,0.331,2024,,
T,Oct,27,16.384,0.427,0.029,0.211,1999,,
T,Nov,27,16.138,0.362,0.366,0.191,2015,,
T,Dic,27,16.189,0.523,0.928,0.35,2015,,
