id,variable,fecha_o_periodo,anomalia,comprobacion,decision,efecto,estado
CC-01,Todas (diario),1981–2025,"Posibles fechas faltantes, duplicadas o códigos de faltante","Índice diario continuo (16 436 días), 0 duplicados; mínimos/máximos sin valores tipo −999/9999; NA es el único código",Ninguna,Ninguno,sin problema
CC-02,"P_L, Q, PET",1981–2025,Valores negativos,"Conteo de negativos = 0 en prec, flow_obs y pet",Ninguna,Ninguno,sin problema
CC-03,Q (flow_sim),1981–2025,La base incluye caudal simulado (PISCO_ARNOVIC) junto al observado,"Se verifica que solo se usa flow_obs; r(obs, sim) diario = 0.72",flow_sim no se usa en ningún análisis,Ninguno,sin problema
CC-04,Q,"1998–2025, sobre todo septiembre","Días faltantes concentrados en ago–oct casi todos los años (meses no completos por mes calendario: {1: 3, 2: 2, 3: 3, 5: 1, 6: 2, 7: 8, 8: 11, 9: 26, 10: 10, 11: 8, 12: 5})",Mapa de disponibilidad año × mes; sin tramos lineales (interpolación) ni picos aislados en los días válidos,"Criterio único: ≤ 10 % faltantes → mes retenido (Q̄ media de días válidos, R escalada); > 10 % → excluido; sin relleno","53 meses escalados en el periodo común 1998-01 a 2025-08 (casi todos de estiaje, caudal casi constante → error de escalado pequeño); patrón sistemático, causa no documentada (¿mantenimiento anual?)",incierto
CC-05,Q,2019–2021,"Cambio de cobertura: 61, 56 y 24 días faltantes por año; concentra la mayoría de los 26 meses excluidos del periodo común 1998-01 a 2025-08",Conteo anual de faltantes y mapa de disponibilidad,Meses excluidos quedan vacíos; no se rellenan,Menos pares P–Q en 2019–2021; vacíos a tratar en Fourier (punto 4) y tendencias (punto 3),incierto
CC-06,Q / R,1998-02,"Segundo mes más lluvioso de P_L (381 mm) sin caudal: 23/28 días válidos (faltan 10, 11, 23, 26 y 27) durante El Niño 1997–98",Revisión de los días faltantes en los datos diarios,Excluido (17.9 % de días faltantes > 10 %),El pico de El Niño 1998 queda subrepresentado en Q; posible pérdida de registro en la crecida,excluido
CC-07,Q / R,1998-03,"Máximo del registro (Q̄ 678 m³/s, R 837 mm) con 2 días faltantes (24 y 25) y R ≈ 2 × P_L (414 mm)",Revisión manual: Σq = 782.59 mm en 29/31 días → R = 836.56 mm (coincide con la tabla),Retenido como escalado,"R > P puede reflejar almacenamiento de feb, subestimación de P_L en el evento o extrapolación de la curva de descarga en crecida",incierto
CC-08,Q / R vs P_L,"98 de 305 meses del periodo común 1998-01 a 2025-08, sobre todo may–ago",R_m > P_m,Distribución por mes calendario (estiaje),Se conservan (la guía advierte que no es error por sí solo),Indica aporte de almacenamiento (flujo base) en estiaje; se discute en 1.5 y en el balance,retenido
CC-09,Q,2005-12 y 2016-12,Mínimos del registro en diciembre (0.54 y 0.45 m³/s) con P_L 68–79 mm; Q̄ baja frente a oct–nov (~0.8 m³/s),"Días completos (31/31 y 30/31), sin secuencias constantes ni tramos lineales; extracciones registradas por ANA en CAMELS-PE: 0.07 hm³/año (≈ 0.002 m³/s), despreciables; 1 embalse minero sin volumen",Se conservan,"Hipótesis: fin de la recesión con primeras lluvias absorbidas por el suelo, o extracciones no registradas al inicio de la siembra",incierto
CC-10,Q,2007-09-11 a 2007-09-15,Secuencia de 5 días con el mismo caudal (> 0),Búsqueda de secuencias constantes ≥ 5 días: única en el registro,"Se conserva (estiaje, caudal casi constante)",Despreciable,retenido
CC-11,Q,2003–2005,Medianas de estiaje (jun–sep) muy bajas: 0.047–0.133 mm/d frente a ~0.2–0.5 en otros años,Comparación con P_L anual: 2003–2005 son años secos (547–573 mm),Se conservan,Coherente con sequía; no se interpreta como salto de nivel,sin problema
CC-12,P_L,1981–2025,"P_L es un producto interpolado (PISCOp v2.1), no observación; no reproducible con PISCOp público (15–25 % menor)","Comparación con PISCOp IRI, v2.1 update y v3.0 (scripts 08 y 13)",Se mantiene como P_L principal; PISCOp v3.0 como apoyo,Incertidumbre de la lluvia de referencia; se declara como limitación,incierto
CC-13,P_L,15 meses del periodo común 1998-01 a 2025-08 (estación seca),P_L < 1 mm (ningún cero exacto),Conteo; meses de jun–ago,"Se conservan: son meses secos reales, no faltantes",Ninguno,sin problema
CC-14,P_I,1998-01 a 2025-08,Registro hasta 2025-08; P_I nunca < 1.97 mm y P95 de 141 mm frente a 229 mm de P_L,332 meses sin faltantes ni duplicados; unidades mm/hr; revisión manual de 2010-03 desde el archivo original: 102.63 mm = tabla,"Ninguna (limitación del producto, no error de datos)","IMERG comprime la distribución (sobreestima meses secos, subestima húmedos)",sin problema
CC-15,T,1981–2020,tmean de PISCOt = (tmin + tmax)/2 exactamente (diferencia máx 0.0005 °C); tmin ≤ tmean ≤ tmax en 100 % de los días,Cálculo directo sobre los datos diarios,Se documenta la definición,Explica parte del desfase de −2.9 °C frente a ERA5-Land (media de 24 h),sin problema
CC-16,T,2021–2025,Sin dato en PISCOt (termina en 2020),ERA5-Land + sesgo mensual 1981–2020; validación fuera de muestra 2011–2020: MAE 0.20 °C,Valores reconstruidos en columna aparte con bandera de fuente; no entran en las estadísticas de 1.3,Tramo marcado en la fig. 1.1; usar con cautela en tendencias (cambio de fuente),corregido
CC-17,"P_L, R, P_I","1998-03, 2010-03",Revisión manual de agregación y conversión de unidades,"ΣP_d, Σq_d y escalado recalculados desde los diarios (script 09); IMERG 2010-03 desde el archivo original",Ninguna,Los valores coinciden con las tablas,sin problema
