producto,poligono,pesos,periodo,n_meses,P_camels_mm_anio,P_pisco_mm_anio,dif_pct,MAE_mm_mes,max_abs_dif_mm_mes,r
v2p1_update,GLO-30 (este trabajo),área,1998-2019,264,838.447,704.205,-16.011,12.104,141.141,0.978
v2p1_update,GLO-30 (este trabajo),área,1981-2019,468,788.984,621.858,-21.182,14.765,156.061,0.966
v2p1_update,GLO-30 (este trabajo),centro,1998-2019,264,838.447,680.995,-18.779,14.236,138.905,0.976
v2p1_update,GLO-30 (este trabajo),centro,1981-2019,468,788.984,595.959,-24.465,16.949,167.593,0.961
v2p1_update,CAMELS-PE El Tambo,área,1998-2019,264,838.447,704.319,-15.997,12.09,141.078,0.978
v2p1_update,CAMELS-PE El Tambo,área,1981-2019,468,788.984,621.938,-21.172,14.756,156.099,0.966
v2p1_update,CAMELS-PE El Tambo,centro,1998-2019,264,838.447,680.995,-18.779,14.236,138.905,0.976
v2p1_update,CAMELS-PE El Tambo,centro,1981-2019,468,788.984,595.959,-24.465,16.949,167.593,0.961
v2p1_update,CAMELS-PE Puente Coina,área,1998-2019,264,1128.165,927.122,-17.82,17.094,138.32,0.982
v2p1_update,CAMELS-PE Puente Coina,área,1981-2019,468,1114.301,861.138,-22.719,21.457,217.712,0.966
v2p1_update,CAMELS-PE Puente Coina,centro,1998-2019,264,1128.165,746.471,-33.833,31.83,153.487,0.981
v2p1_update,CAMELS-PE Puente Coina,centro,1981-2019,468,1114.301,675.628,-39.368,36.569,256.133,0.954
v3p0,GLO-30 (este trabajo),área,1998-2019,264,838.447,717.524,-14.422,10.778,133.812,0.988
v3p0,GLO-30 (este trabajo),área,1998-2025,336,840.637,718.302,-14.553,11.492,133.812,0.983
v3p0,GLO-30 (este trabajo),área,1981-2019,468,788.984,664.571,-15.769,11.925,133.812,0.977
v3p0,GLO-30 (este trabajo),centro,1998-2019,264,838.447,710.914,-15.211,11.235,122.823,0.988
v3p0,GLO-30 (este trabajo),centro,1998-2025,336,840.637,710.658,-15.462,12.038,122.823,0.983
v3p0,GLO-30 (este trabajo),centro,1981-2019,468,788.984,655.386,-16.933,12.622,132.252,0.975
v3p0,CAMELS-PE El Tambo,área,1998-2019,264,838.447,717.77,-14.393,10.762,133.737,0.988
v3p0,CAMELS-PE El Tambo,área,1998-2025,336,840.637,718.55,-14.523,11.477,133.737,0.983
v3p0,CAMELS-PE El Tambo,área,1981-2019,468,788.984,664.774,-15.743,11.912,133.737,0.977
v3p0,CAMELS-PE El Tambo,centro,1998-2019,264,838.447,710.914,-15.211,11.235,122.823,0.988
v3p0,CAMELS-PE El Tambo,centro,1998-2025,336,840.637,710.658,-15.462,12.038,122.823,0.983
v3p0,CAMELS-PE El Tambo,centro,1981-2019,468,788.984,655.386,-16.933,12.622,132.252,0.975
v3p0,CAMELS-PE Puente Coina,área,1998-2019,264,1128.165,838.076,-25.713,24.73,181.243,0.975
v3p0,CAMELS-PE Puente Coina,área,1998-2025,336,1132.328,842.04,-25.636,25.023,181.243,0.972
v3p0,CAMELS-PE Puente Coina,área,1981-2019,468,1114.301,795.004,-28.654,27.233,209.676,0.963
v3p0,CAMELS-PE Puente Coina,centro,1998-2019,264,1128.165,760.369,-32.601,30.668,194.463,0.976
v3p0,CAMELS-PE Puente Coina,centro,1998-2025,336,1132.328,761.187,-32.777,31.138,194.463,0.974
v3p0,CAMELS-PE Puente Coina,centro,1981-2019,468,1114.301,706.981,-36.554,34.17,234.987,0.953
