tema,clase,pct_area
elevacion,Banda 500-1000 m,2.77
elevacion,Banda 1000-1500 m,8.65
elevacion,Banda 1500-2000 m,14.51
elevacion,Banda 2000-2500 m,20.7
elevacion,Banda 2500-3000 m,21.71
elevacion,Banda 3000-3500 m,17.86
elevacion,Banda 3500-4000 m,11.85
pendiente,0-5°,1.95
pendiente,5-15°,13.89
pendiente,15-30°,42.97
pendiente,30-45°,36.44
pendiente,45-90°,4.74
orientacion,N,13.98
orientacion,NE,13.11
orientacion,E,10.2
orientacion,SE,9.63
orientacion,S,13.54
orientacion,SO,14.28
orientacion,O,12.61
orientacion,NO,12.21
orientacion,Plano (< 2°),0.44
cobertura,Bosque,17.36
cobertura,Arbustal,22.86
cobertura,Pastizal / pajonal,54.93
cobertura,Agricultura,2.36
cobertura,Área urbana,0.21
cobertura,Suelo desnudo / vegetación escasa,2.14
cobertura,Cuerpos de agua,0.14
cobertura,Humedal herbáceo (bofedal),0.0
geologia,"Depósitos cuaternarios no consolidados (aluviales, fluviales, glaciares, lacustres) – acuífero poroso",2.55
geologia,"Areniscas cuarzosas y cuarcitas (Fm. Chimú, Fm. Farrat) – acuífero fisurado sedimentario",40.07
geologia,"Secuencias de lutitas, limolitas y areniscas (Fm. Chicama, Santa, Carhuaz, Inca) y conglomerados (Fm. Huaylas) – acuitardo sedimentario",36.88
geologia,"Calizas y margas (Fm. Chúlec, Pariatambo, Pulluicana, Quilquiñán, Cajamarca) – acuífero kárstico-fisurado / acuitardo",9.62
geologia,"Rocas volcánicas (Gr. Calipuy, Fm. Llama, San Pablo, Chilete, Gr. Casma) – acuitardo / acuífero fisurado volcánico",8.46
geologia,"Rocas intrusivas (granodiorita, granito, diorita) – acuífugo",2.43
geologia,Lagunas,0.01
precipitacion_piscop_v3,0-500 mm/año,14.32
precipitacion_piscop_v3,500-750 mm/año,39.8
precipitacion_piscop_v3,750-1000 mm/año,36.47
precipitacion_piscop_v3,1000-1500 mm/año,9.41
