lon,lat,area_en_cuenca_km2,fraccion_celda
-78.3,-8.0,9.48057,0.07765
-78.5,-7.9,1.02767,0.00842
-78.4,-7.9,31.84629,0.26081
-78.3,-7.9,101.3242,0.82969
-78.2,-7.9,0.0321,0.00026
-78.7,-7.8,21.92749,0.17962
-78.6,-7.8,88.18333,0.72225
-78.5,-7.8,100.24686,0.82093
-78.4,-7.8,122.13272,1.0
-78.3,-7.8,103.11459,0.84415
-78.8,-7.7,0.3361,0.00275
-78.7,-7.7,93.78757,0.76808
-78.6,-7.7,122.12429,1.0
-78.5,-7.7,122.14232,1.0
-78.4,-7.7,119.26911,0.97633
-78.3,-7.7,42.30713,0.34627
-78.7,-7.6,87.22258,0.71415
-78.6,-7.6,122.15227,1.0
-78.5,-7.6,122.17031,1.0
-78.4,-7.6,98.00081,0.80204
-78.7,-7.5,40.08456,0.32812
-78.6,-7.5,122.17988,1.0
-78.5,-7.5,122.19794,1.0
-78.4,-7.5,117.02041,0.95748
-78.3,-7.5,5.34833,0.04375
-78.7,-7.4,11.63615,0.09523
-78.6,-7.4,80.11781,0.65559
-78.5,-7.4,83.48093,0.68301
-78.4,-7.4,76.40634,0.62503
-78.3,-7.4,2.69564,0.02205
